order_id,order_date,order_month,customer_id,product_id,quantity,unit_price,discount,gross_sales,net_sales,channel,payment_id,payment_method,payment_status,paid_at,is_paid,price_imputed,source_file
ORD000001,2026-01-08 17:11:00,2026-01,C0158,P039,2,940.5,0.0,1881.0,1881.0,Marketplace,PAY000001,Bank Transfer,PAID,2026-01-08 17:30:00,True,False,orders_2026_01.csv
ORD000002,2026-01-12 20:13:00,2026-01,C0123,P038,1,12900.0,0.1,12900.0,11610.0,Mobile App,PAY000002,Bank Transfer,PAID,2026-01-12 22:58:00,True,False,orders_2026_01.csv
ORD000003,2026-01-26 14:00:00,2026-01,C0119,P031,3,1415.5,0.05,4246.5,4034.18,Web,PAY000003,PromptPay,PAID,2026-01-26 14:03:00,True,False,orders_2026_01.csv
ORD000004,2026-01-18 16:18:00,2026-01,C0065,P003,2,25900.0,0.0,51800.0,51800.0,Mobile App,PAY000004,Bank Transfer,PAID,2026-01-18 18:24:00,True,False,orders_2026_01.csv
ORD000005,2026-01-08 17:43:00,2026-01,C0129,P007,2,23310.0,0.05,46620.0,44289.0,Mobile App,PAY000005,Credit Card,PAID,2026-01-08 20:03:00,True,False,orders_2026_01.csv
ORD000006,2026-01-23 11:50:00,2026-01,C0097,P037,2,27195.0,0.0,54390.0,54390.0,Mobile App,PAY000006,Bank Transfer,PAID,2026-01-23 12:37:00,True,False,orders_2026_01.csv
ORD000007,2026-01-24 07:03:00,2026-01,C0139,P001,1,284.05,0.0,284.05,284.05,Web,PAY000007,Bank Transfer,PAID,2026-01-24 09:09:00,True,False,orders_2026_01.csv
ORD000009,2026-01-16 04:12:00,2026-01,C0162,P017,1,990.0,0.05,990.0,940.5,Web,PAY000009,Bank Transfer,PAID,2026-01-16 05:42:00,True,False,orders_2026_01.csv
ORD000010,2026-01-07 03:12:00,2026-01,C0100,P017,2,990.0,0.1,1980.0,1782.0,Mobile App,PAY000010,Bank Transfer,PAID,2026-01-07 04:36:00,True,False,orders_2026_01.csv
ORD000011,2026-01-12 14:34:00,2026-01,C0120,P028,2,313.95,0.0,627.9,627.9,Web,PAY000011,Credit Card,PAID,2026-01-12 16:27:00,True,False,orders_2026_01.csv
ORD000012,2026-01-08 22:35:00,2026-01,C0141,P008,2,449.1,0.05,898.2,853.29,Marketplace,PAY000012,Bank Transfer,PAID,2026-01-08 23:43:00,True,False,orders_2026_01.csv
ORD000013,2026-01-27 22:41:00,2026-01,C0110,P002,2,1341.0,0.0,2682.0,2682.0,Mobile App,PAY000013,Bank Transfer,PAID,2026-01-28 01:23:00,True,False,orders_2026_01.csv
ORD000014,2026-01-20 07:11:00,2026-01,C0142,P017,4,990.0,0.0,3960.0,3960.0,Marketplace,PAY000014,Credit Card,PAID,2026-01-20 09:42:00,True,False,orders_2026_01.csv
ORD000015,2026-01-04 13:47:00,2026-01,C0151,P018,2,4189.5,0.0,8379.0,8379.0,Web,PAY000015,Bank Transfer,PAID,2026-01-04 15:28:00,True,False,orders_2026_01.csv
ORD000016,2026-01-18 06:47:00,2026-01,C0072,P006,1,313.95,0.0,313.95,313.95,Mobile App,PAY000016,Bank Transfer,PAID,2026-01-18 07:49:00,True,False,orders_2026_01.csv
ORD000017,2026-01-27 00:37:00,2026-01,C0048,P019,2,3591.0,0.0,7182.0,7182.0,Mobile App,PAY000017,Bank Transfer,PAID,2026-01-27 03:19:00,True,False,orders_2026_01.csv
ORD000018,2026-01-05 02:59:00,2026-01,C0037,P001,3,299.0,0.0,897.0,897.0,Marketplace,PAY000018,Bank Transfer,PAID,2026-01-05 03:24:00,True,False,orders_2026_01.csv
ORD000019,2026-01-14 22:23:00,2026-01,C0159,P019,1,4189.5,0.1,4189.5,3770.55,Web,PAY000019,PromptPay,PAID,2026-01-15 00:15:00,True,False,orders_2026_01.csv
ORD000020,2026-01-08 21:53:00,2026-01,C0115,P007,1,25900.0,0.0,25900.0,25900.0,Web,PAY000020,Credit Card,PAID,2026-01-08 22:34:00,True,False,orders_2026_01.csv
ORD000021,2026-01-18 02:04:00,2026-01,C0007,P007,1,27195.0,0.05,27195.0,25835.25,Web,PAY000021,Bank Transfer,PAID,2026-01-18 03:13:00,True,False,orders_2026_01.csv
ORD000022,2026-01-15 07:54:00,2026-01,C0049,P999,2,499.0,0.0,998.0,998.0,Marketplace,PAY000022,Credit Card,PAID,2026-01-15 10:27:00,True,False,orders_2026_01.csv
ORD000023,2026-01-10 02:59:00,2026-01,C0071,P034,1,299.0,0.1,299.0,269.1,Web,PAY000023,Bank Transfer,FAILED,2026-01-10 03:29:00,False,False,orders_2026_01.csv
ORD000024,2026-01-28 11:43:00,2026-01,C0042,P033,1,13545.0,0.0,13545.0,13545.0,Marketplace,PAY000024,Bank Transfer,PAID,2026-01-28 13:44:00,True,False,orders_2026_01.csv
ORD000025,2026-01-07 13:04:00,2026-01,C0079,P011,1,25900.0,0.0,25900.0,25900.0,Web,PAY000025,Credit Card,PAID,2026-01-07 15:39:00,True,False,orders_2026_01.csv
ORD000026,2026-01-04 19:15:00,2026-01,C0107,P008,1,499.0,0.0,499.0,499.0,Mobile App,PAY000026,Credit Card,PAID,2026-01-04 20:27:00,True,False,orders_2026_01.csv
ORD000027,2026-01-23 14:12:00,2026-01,C0143,P019,2,3790.5,0.1,7581.0,6822.9,Web,PAY000027,Credit Card,PAID,2026-01-23 15:21:00,True,False,orders_2026_01.csv
ORD000028,2026-01-08 05:59:00,2026-01,C0139,P013,4,523.95,0.0,2095.8,2095.8,Mobile App,PAY000028,Credit Card,PAID,2026-01-08 08:06:00,True,False,orders_2026_01.csv
ORD000029,2026-01-09 18:23:00,2026-01,C0161,P028,1,269.1,0.1,269.1,242.19,Marketplace,PAY000029,Bank Transfer,PAID,2026-01-09 18:39:00,True,False,orders_2026_01.csv
ORD000030,2026-01-10 12:26:00,2026-01,C0003,P006,1,299.0,0.05,299.0,284.05,Mobile App,PAY000030,PromptPay,PAID,2026-01-10 14:50:00,True,False,orders_2026_01.csv
ORD000031,2026-01-16 18:33:00,2026-01,C0087,P027,1,24605.0,0.0,24605.0,24605.0,Web,PAY000031,PromptPay,PAID,2026-01-16 18:52:00,True,False,orders_2026_01.csv
ORD000032,2026-01-01 14:52:00,2026-01,C0085,P035,1,25900.0,0.0,25900.0,25900.0,Mobile App,PAY000032,Bank Transfer,PAID,2026-01-01 17:21:00,True,False,orders_2026_01.csv
ORD000033,2026-01-13 17:23:00,2026-01,C0164,P032,1,23310.0,0.05,23310.0,22144.5,Web,PAY000033,PromptPay,FAILED,2026-01-13 18:51:00,False,False,orders_2026_01.csv
ORD000034,2026-01-24 06:21:00,2026-01,C0044,P005,1,313.95,0.0,313.95,313.95,Web,PAY000034,PromptPay,PAID,2026-01-24 06:44:00,True,False,orders_2026_01.csv
ORD000035,2026-01-16 21:39:00,2026-01,C0045,P033,3,12900.0,0.0,38700.0,38700.0,Marketplace,PAY000035,PromptPay,PAID,2026-01-17 00:12:00,True,False,orders_2026_01.csv
ORD000036,2026-01-21 10:30:00,2026-01,C0043,P005,1,299.0,0.0,299.0,299.0,Mobile App,PAY000036,Credit Card,PAID,2026-01-21 13:28:00,True,False,orders_2026_01.csv
ORD000037,2026-01-20 00:56:00,2026-01,C0108,P017,4,990.0,0.0,3960.0,3960.0,Web,PAY000037,PromptPay,PAID,2026-01-20 03:11:00,True,False,orders_2026_01.csv
ORD000038,2026-01-18 01:57:00,2026-01,C0008,P009,1,284.05,0.05,284.05,269.85,Mobile App,PAY000038,PromptPay,PAID,2026-01-18 03:21:00,True,False,orders_2026_01.csv
ORD000039,2026-01-28 20:23:00,2026-01,C0126,P004,2,1415.5,0.0,2831.0,2831.0,Marketplace,PAY000039,PromptPay,PAID,2026-01-28 20:25:00,True,False,orders_2026_01.csv
ORD000040,2026-01-15 23:19:00,2026-01,C0086,P021,1,23310.0,0.0,23310.0,23310.0,Marketplace,PAY000040,PromptPay,PAID,2026-01-16 00:12:00,True,False,orders_2026_01.csv
ORD000041,2026-01-11 12:38:00,2026-01,C0008,P034,2,284.05,0.0,568.1,568.1,Web,PAY000041,Credit Card,PAID,2026-01-11 14:36:00,True,False,orders_2026_01.csv
ORD000042,2026-01-21 15:59:00,2026-01,C0114,P032,1,25900.0,0.0,25900.0,25900.0,Marketplace,PAY000042,Credit Card,PAID,2026-01-21 17:17:00,True,False,orders_2026_01.csv
ORD000043,2026-01-03 08:15:00,2026-01,C0006,P018,1,3790.5,0.05,3790.5,3600.98,Web,PAY000043,Bank Transfer,PAID,2026-01-03 09:31:00,True,False,orders_2026_01.csv
ORD000044,2026-01-24 20:02:00,2026-01,C0126,P022,2,499.0,0.05,998.0,948.1,Mobile App,PAY000044,Credit Card,PAID,2026-01-24 22:43:00,True,True,orders_2026_01.csv
ORD000045,2026-01-16 19:17:00,2026-01,C0068,P019,3,3990.0,0.0,11970.0,11970.0,Marketplace,PAY000045,Bank Transfer,PAID,2026-01-16 19:47:00,True,False,orders_2026_01.csv
ORD000046,2026-01-21 21:21:00,2026-01,C0097,P026,2,12900.0,0.1,25800.0,23220.0,Mobile App,PAY000046,Bank Transfer,PAID,2026-01-21 22:17:00,True,False,orders_2026_01.csv
ORD000047,2026-01-01 07:56:00,2026-01,C0100,P038,4,11610.0,0.0,46440.0,46440.0,Web,PAY000047,PromptPay,PAID,2026-01-01 09:44:00,True,False,orders_2026_01.csv
ORD000048,2026-01-13 07:59:00,2026-01,C0040,P038,2,12900.0,0.0,25800.0,25800.0,Marketplace,PAY000048,PromptPay,PAID,2026-01-13 09:30:00,True,False,orders_2026_01.csv
ORD000049,2026-01-18 00:12:00,2026-01,C0059,P019,1,3990.0,0.05,3990.0,3790.5,Mobile App,PAY000049,PromptPay,PAID,2026-01-18 01:04:00,True,False,orders_2026_01.csv
ORD000050,2026-01-09 02:38:00,2026-01,C0067,P006,1,313.95,0.0,313.95,313.95,Web,PAY000050,Bank Transfer,PAID,2026-01-09 04:32:00,True,False,orders_2026_01.csv
ORD000051,2026-01-24 03:14:00,2026-01,C0035,P039,4,990.0,0.0,3960.0,3960.0,Marketplace,PAY000051,Credit Card,PAID,2026-01-24 04:27:00,True,False,orders_2026_01.csv
ORD000052,2026-01-18 11:03:00,2026-01,C0079,P035,1,23310.0,0.0,23310.0,23310.0,Mobile App,PAY000052,Credit Card,PAID,2026-01-18 12:24:00,True,False,orders_2026_01.csv
ORD000053,2026-01-16 20:25:00,2026-01,C0113,P019,4,3990.0,0.05,15960.0,15162.0,Marketplace,PAY000053,Credit Card,PAID,2026-01-16 22:54:00,True,False,orders_2026_01.csv
ORD000054,2026-01-01 18:10:00,2026-01,C0046,P035,1,25900.0,0.1,25900.0,23310.0,Marketplace,PAY000054,Bank Transfer,PAID,2026-01-01 19:13:00,True,False,orders_2026_01.csv
ORD000055,2026-01-07 14:06:00,2026-01,C0132,P027,2,23310.0,0.0,46620.0,46620.0,Marketplace,PAY000055,Credit Card,PAID,2026-01-07 16:03:00,True,False,orders_2026_01.csv
ORD000056,2026-01-07 05:17:00,2026-01,C0083,P017,1,990.0,0.0,990.0,990.0,Web,PAY000056,Bank Transfer,PAID,2026-01-07 07:02:00,True,False,orders_2026_01.csv
ORD000057,2026-01-20 22:46:00,2026-01,C0054,P039,2,990.0,0.0,1980.0,1980.0,Marketplace,PAY000057,Bank Transfer,PAID,2026-01-20 23:31:00,True,False,orders_2026_01.csv
ORD000058,2026-01-16 05:55:00,2026-01,C0096,P038,2,13545.0,0.05,27090.0,25735.5,Mobile App,PAY000058,PromptPay,PAID,2026-01-16 07:21:00,True,False,orders_2026_01.csv
ORD000059,2026-01-22 06:56:00,2026-01,C0038,P005,1,284.05,0.0,284.05,284.05,Mobile App,PAY000059,Bank Transfer,PAID,2026-01-22 07:08:00,True,False,orders_2026_01.csv
ORD000060,2026-01-15 09:26:00,2026-01,C0057,P005,1,299.0,0.1,299.0,269.1,Mobile App,PAY000060,Credit Card,PAID,2026-01-15 12:01:00,True,False,orders_2026_01.csv
ORD000061,2026-01-08 12:44:00,2026-01,C0102,P023,2,313.95,0.1,627.9,565.11,Mobile App,PAY000061,Bank Transfer,PAID,2026-01-08 12:47:00,True,False,orders_2026_01.csv
ORD000062,2026-01-09 13:10:00,2026-01,C0036,P020,3,499.0,0.0,1497.0,1497.0,Marketplace,PAY000062,PromptPay,PAID,2026-01-09 15:05:00,True,False,orders_2026_01.csv
ORD000063,2026-01-08 01:20:00,2026-01,C0034,P025,3,27195.0,0.0,81585.0,81585.0,Marketplace,PAY000063,Credit Card,PAID,2026-01-08 04:07:00,True,False,orders_2026_01.csv
ORD000064,2026-01-07 21:17:00,2026-01,C0152,P014,1,1039.5,0.1,1039.5,935.55,Web,PAY000064,Credit Card,PAID,2026-01-07 21:33:00,True,False,orders_2026_01.csv
ORD000065,2026-01-20 12:44:00,2026-01,C0160,P031,3,1490.0,0.0,4470.0,4470.0,Web,PAY000065,Bank Transfer,PAID,2026-01-20 15:03:00,True,False,orders_2026_01.csv
ORD000066,2026-01-25 12:56:00,2026-01,C0162,P039,2,990.0,0.0,1980.0,1980.0,Web,PAY000066,Bank Transfer,PAID,2026-01-25 13:07:00,True,False,orders_2026_01.csv
ORD000067,2026-01-11 23:34:00,2026-01,C0125,P035,1,25900.0,0.0,25900.0,25900.0,Mobile App,PAY000067,Credit Card,PAID,2026-01-12 02:25:00,True,False,orders_2026_01.csv
ORD000068,2026-01-15 21:59:00,2026-01,C0052,P039,1,940.5,0.05,940.5,893.47,Mobile App,PAY000068,PromptPay,PAID,2026-01-16 00:21:00,True,False,orders_2026_01.csv
ORD000069,2026-01-09 12:18:00,2026-01,C0081,P039,1,1039.5,0.0,1039.5,1039.5,Web,PAY000069,Credit Card,PAID,2026-01-09 14:32:00,True,False,orders_2026_01.csv
ORD000070,2026-01-28 09:39:00,2026-01,C0069,P014,4,1039.5,0.0,4158.0,4158.0,Marketplace,PAY000070,Bank Transfer,PAID,2026-01-28 12:02:00,True,False,orders_2026_01.csv
ORD000071,2026-01-01 22:56:00,2026-01,C0021,P008,1,523.95,0.0,523.95,523.95,Web,PAY000071,Credit Card,PAID,2026-01-02 00:10:00,True,False,orders_2026_01.csv
ORD000072,2026-01-24 22:09:00,2026-01,C0028,P032,4,23310.0,0.05,93240.0,88578.0,Mobile App,PAY000072,Credit Card,PAID,2026-01-24 22:55:00,True,False,orders_2026_01.csv
ORD000073,2026-01-13 05:31:00,2026-01,C0009,P022,1,474.05,0.0,474.05,474.05,Web,PAY000073,Credit Card,PAID,2026-01-13 07:28:00,True,False,orders_2026_01.csv
ORD000074,2026-01-17 10:33:00,2026-01,C0110,P031,4,1490.0,0.0,5960.0,5960.0,Marketplace,PAY000074,Credit Card,PAID,2026-01-17 11:45:00,True,False,orders_2026_01.csv
ORD000075,2026-01-22 08:13:00,2026-01,C0039,P007,2,24605.0,0.05,49210.0,46749.5,Web,PAY000075,Credit Card,PAID,2026-01-22 08:15:00,True,False,orders_2026_01.csv
ORD000076,2026-01-08 10:52:00,2026-01,C0163,P033,1,11610.0,0.1,11610.0,10449.0,Marketplace,PAY000076,Credit Card,PAID,2026-01-08 10:57:00,True,False,orders_2026_01.csv
ORD000077,2026-01-08 04:24:00,2026-01,C0143,P026,2,12255.0,0.0,24510.0,24510.0,Web,PAY000077,PromptPay,PAID,2026-01-08 04:29:00,True,False,orders_2026_01.csv
ORD000078,2026-01-22 17:21:00,2026-01,C0070,P017,1,1039.5,0.05,1039.5,987.52,Marketplace,PAY000078,Bank Transfer,PAID,2026-01-22 17:34:00,True,False,orders_2026_01.csv
ORD000079,2026-01-05 10:50:00,2026-01,C0005,P037,1,25900.0,0.1,25900.0,23310.0,Mobile App,PAY000079,Bank Transfer,PAID,2026-01-05 13:47:00,True,False,orders_2026_01.csv
ORD000080,2026-01-28 17:30:00,2026-01,C0008,P019,3,4189.5,0.05,12568.5,11940.08,Marketplace,PAY000080,Bank Transfer,PAID,2026-01-28 19:57:00,True,False,orders_2026_01.csv
ORD000081,2026-01-11 02:57:00,2026-01,C0061,P018,4,3591.0,0.0,14364.0,14364.0,Web,PAY000081,Credit Card,PAID,2026-01-11 03:07:00,True,False,orders_2026_01.csv
ORD000082,2026-01-21 18:06:00,2026-01,C0147,P020,2,474.05,0.1,948.1,853.29,Marketplace,PAY000082,PromptPay,PAID,2026-01-21 18:30:00,True,False,orders_2026_01.csv
ORD000083,2026-01-17 01:19:00,2026-01,C0070,P021,1,25900.0,0.0,25900.0,25900.0,Web,PAY000083,PromptPay,PAID,2026-01-17 01:51:00,True,False,orders_2026_01.csv
ORD000084,2026-01-27 07:52:00,2026-01,C0132,P026,1,11610.0,0.0,11610.0,11610.0,Web,PAY000084,PromptPay,PAID,2026-01-27 08:53:00,True,False,orders_2026_01.csv
ORD000085,2026-01-20 05:05:00,2026-01,C0145,P003,2,24605.0,0.0,49210.0,49210.0,Mobile App,PAY000085,Credit Card,PAID,2026-01-20 07:24:00,True,False,orders_2026_01.csv
ORD000086,2026-01-22 09:30:00,2026-01,C0038,P015,4,269.1,0.0,1076.4,1076.4,Web,PAY000086,Bank Transfer,PAID,2026-01-22 12:16:00,True,False,orders_2026_01.csv
ORD000087,2026-01-25 05:31:00,2026-01,C0068,P001,3,299.0,0.0,897.0,897.0,Web,PAY000087,Credit Card,PAID,2026-01-25 08:13:00,True,False,orders_2026_01.csv
ORD000088,2026-01-28 21:16:00,2026-01,C0118,P024,2,284.05,0.1,568.1,511.29,Web,PAY000088,PromptPay,PAID,2026-01-28 22:57:00,True,False,orders_2026_01.csv
ORD000089,2026-01-26 04:55:00,2026-01,C0070,P026,1,12900.0,0.0,12900.0,12900.0,Web,PAY000089,PromptPay,PAID,2026-01-26 07:40:00,True,False,orders_2026_01.csv
ORD000090,2026-01-19 00:37:00,2026-01,C0083,P038,1,12900.0,0.0,12900.0,12900.0,Marketplace,PAY000090,Bank Transfer,PAID,2026-01-19 01:32:00,True,False,orders_2026_01.csv
ORD000091,2026-01-18 10:20:00,2026-01,C0156,P037,1,25900.0,0.05,25900.0,24605.0,Mobile App,PAY000091,PromptPay,PAID,2026-01-18 12:55:00,True,False,orders_2026_01.csv
ORD000092,2026-01-16 20:33:00,2026-01,C0086,P006,1,313.95,0.0,313.95,313.95,Web,PAY000092,Credit Card,PAID,2026-01-16 21:27:00,True,False,orders_2026_01.csv
ORD000093,2026-01-17 23:56:00,2026-01,C0160,P013,2,523.95,0.05,1047.9,995.5,Web,PAY000093,PromptPay,FAILED,2026-01-18 00:27:00,False,False,orders_2026_01.csv
ORD000094,2026-01-05 03:21:00,2026-01,C0014,P012,1,1039.5,0.1,1039.5,935.55,Marketplace,PAY000094,Bank Transfer,PAID,2026-01-05 06:00:00,True,False,orders_2026_01.csv
ORD000095,2026-01-01 19:36:00,2026-01,C0062,P020,2,499.0,0.0,998.0,998.0,Web,PAY000095,Credit Card,PAID,2026-01-01 20:33:00,True,False,orders_2026_01.csv
ORD000096,2026-01-26 20:50:00,2026-01,C0090,P024,2,284.05,0.0,568.1,568.1,Mobile App,PAY000096,Credit Card,PAID,2026-01-26 22:11:00,True,False,orders_2026_01.csv
ORD000097,2026-01-16 01:11:00,2026-01,C0008,P009,4,299.0,0.0,1196.0,1196.0,Marketplace,PAY000097,PromptPay,PAID,2026-01-16 01:43:00,True,False,orders_2026_01.csv
ORD000098,2026-01-14 04:53:00,2026-01,C0099,P016,2,1490.0,0.1,2980.0,2682.0,Marketplace,PAY000098,Credit Card,PAID,2026-01-14 06:37:00,True,False,orders_2026_01.csv
ORD000099,2026-01-24 06:51:00,2026-01,C0136,P039,3,1039.5,0.0,3118.5,3118.5,Mobile App,PAY000099,PromptPay,PAID,2026-01-24 08:38:00,True,False,orders_2026_01.csv
ORD000100,2026-01-05 13:19:00,2026-01,C0014,P038,2,13545.0,0.0,27090.0,27090.0,Mobile App,PAY000100,Bank Transfer,PAID,2026-01-05 15:44:00,True,False,orders_2026_01.csv
ORD000101,2026-01-20 04:47:00,2026-01,C0093,P034,1,284.05,0.0,284.05,284.05,Web,PAY000101,Bank Transfer,FAILED,2026-01-20 05:56:00,False,False,orders_2026_01.csv
ORD000102,2026-01-05 07:29:00,2026-01,C0078,P002,4,1341.0,0.05,5364.0,5095.8,Mobile App,PAY000102,Bank Transfer,PAID,2026-01-05 09:52:00,True,False,orders_2026_01.csv
ORD000103,2026-01-11 07:18:00,2026-01,C0079,P014,1,940.5,0.1,940.5,846.45,Web,PAY000103,Credit Card,PAID,2026-01-11 08:32:00,True,False,orders_2026_01.csv
ORD000104,2026-01-13 17:48:00,2026-01,C0157,P036,2,299.0,0.1,598.0,538.2,Marketplace,PAY000104,Credit Card,PAID,2026-01-13 19:26:00,True,False,orders_2026_01.csv
ORD000105,2026-01-07 02:25:00,2026-01,C0099,P002,2,1341.0,0.1,2682.0,2413.8,Mobile App,PAY000105,Credit Card,PAID,2026-01-07 03:54:00,True,False,orders_2026_01.csv
ORD000106,2026-01-07 13:52:00,2026-01,C0157,P008,4,474.05,0.1,1896.2,1706.58,Marketplace,PAY000106,PromptPay,REFUNDED,2026-01-07 15:10:00,False,False,orders_2026_01.csv
ORD000107,2026-01-23 21:07:00,2026-01,C0065,P023,2,299.0,0.0,598.0,598.0,Web,PAY000107,Credit Card,PAID,2026-01-23 23:36:00,True,False,orders_2026_01.csv
ORD000108,2026-01-17 22:05:00,2026-01,C0138,P029,4,3990.0,0.0,15960.0,15960.0,Web,PAY000108,Credit Card,PAID,2026-01-17 23:54:00,True,False,orders_2026_01.csv
ORD000109,2026-01-19 03:38:00,2026-01,C0140,P033,1,13545.0,0.0,13545.0,13545.0,Web,PAY000109,Credit Card,PAID,2026-01-19 06:35:00,True,False,orders_2026_01.csv
ORD000110,2026-01-27 22:29:00,2026-01,C0066,P002,3,1341.0,0.0,4023.0,4023.0,Marketplace,PAY000110,PromptPay,PAID,2026-01-28 00:24:00,True,False,orders_2026_01.csv
ORD000111,2026-01-04 17:27:00,2026-01,C0146,P008,3,449.1,0.0,1347.3,1347.3,Mobile App,PAY000111,Credit Card,PAID,2026-01-04 19:04:00,True,False,orders_2026_01.csv
ORD000112,2026-01-18 09:59:00,2026-01,C0097,P034,2,313.95,0.05,627.9,596.5,Web,PAY000112,Bank Transfer,FAILED,2026-01-18 11:54:00,False,False,orders_2026_01.csv
ORD000113,2026-01-03 06:56:00,2026-01,C0024,P027,3,24605.0,0.0,73815.0,73815.0,Mobile App,PAY000113,Bank Transfer,PAID,2026-01-03 09:53:00,True,False,orders_2026_01.csv
ORD000114,2026-01-01 13:09:00,2026-01,C0050,P014,3,1039.5,0.0,3118.5,3118.5,Web,PAY000114,PromptPay,PAID,2026-01-01 14:03:00,True,False,orders_2026_01.csv
ORD000115,2026-01-21 07:56:00,2026-01,C0085,P009,4,313.95,0.0,1255.8,1255.8,Mobile App,PAY000115,Bank Transfer,PAID,2026-01-21 10:17:00,True,False,orders_2026_01.csv
ORD000116,2026-01-24 08:29:00,2026-01,C0073,P002,4,1341.0,0.0,5364.0,5364.0,Web,PAY000116,Bank Transfer,PAID,2026-01-24 10:09:00,True,False,orders_2026_01.csv
ORD000117,2026-01-09 09:51:00,2026-01,C0012,P016,1,1415.5,0.0,1415.5,1415.5,Marketplace,PAY000117,Bank Transfer,PAID,2026-01-09 10:26:00,True,False,orders_2026_01.csv
ORD000118,2026-01-21 07:02:00,2026-01,C0075,P025,1,23310.0,0.05,23310.0,22144.5,Web,PAY000118,Bank Transfer,PAID,2026-01-21 08:33:00,True,False,orders_2026_01.csv
ORD000119,2026-01-25 09:48:00,2026-01,C0007,P022,1,449.1,0.0,449.1,449.1,Web,PAY000119,Bank Transfer,PAID,2026-01-25 10:43:00,True,False,orders_2026_01.csv
ORD000120,2026-01-15 14:33:00,2026-01,C0092,P020,4,499.0,0.0,1996.0,1996.0,Web,PAY000120,PromptPay,PAID,2026-01-15 16:33:00,True,False,orders_2026_01.csv
ORD000121,2026-01-05 17:34:00,2026-01,C0052,P006,1,313.95,0.0,313.95,313.95,Web,PAY000121,Credit Card,REFUNDED,2026-01-05 19:17:00,False,False,orders_2026_01.csv
ORD000122,2026-01-08 11:24:00,2026-01,C0051,P010,3,891.0,0.1,2673.0,2405.7,Mobile App,PAY000122,PromptPay,PAID,2026-01-08 11:27:00,True,False,orders_2026_01.csv
ORD000123,2026-01-08 18:25:00,2026-01,C0035,P024,1,313.95,0.0,313.95,313.95,Mobile App,PAY000123,Bank Transfer,PAID,2026-01-08 19:08:00,True,False,orders_2026_01.csv
ORD000124,2026-01-15 01:56:00,2026-01,C0012,P007,1,27195.0,0.05,27195.0,25835.25,Web,PAY000124,PromptPay,PAID,2026-01-15 04:09:00,True,False,orders_2026_01.csv
ORD000125,2026-01-24 01:22:00,2026-01,C0155,P003,1,25900.0,0.0,25900.0,25900.0,Web,PAY000125,PromptPay,PAID,2026-01-24 02:51:00,True,False,orders_2026_01.csv
ORD000126,2026-01-03 20:15:00,2026-01,C0056,P022,1,523.95,0.05,523.95,497.75,Marketplace,PAY000126,Credit Card,PAID,2026-01-03 20:33:00,True,False,orders_2026_01.csv
ORD000127,2026-01-27 13:30:00,2026-01,C0060,P040,3,3790.5,0.05,11371.5,10802.92,Mobile App,PAY000127,Bank Transfer,PAID,2026-01-27 15:29:00,True,False,orders_2026_01.csv
ORD000128,2026-01-13 09:03:00,2026-01,C0138,P012,3,940.5,0.0,2821.5,2821.5,Mobile App,PAY000128,Credit Card,PAID,2026-01-13 09:29:00,True,False,orders_2026_01.csv
ORD000129,2026-01-24 16:44:00,2026-01,C0098,P031,1,1490.0,0.0,1490.0,1490.0,Mobile App,PAY000129,PromptPay,PAID,2026-01-24 17:25:00,True,False,orders_2026_01.csv
ORD000130,2026-01-07 01:39:00,2026-01,C0067,P006,2,299.0,0.05,598.0,568.1,Web,PAY000130,Credit Card,FAILED,2026-01-07 03:56:00,False,False,orders_2026_01.csv
ORD000131,2026-01-03 03:34:00,2026-01,C0101,P010,2,891.0,0.05,1782.0,1692.9,Marketplace,PAY000131,Bank Transfer,PAID,2026-01-03 05:17:00,True,False,orders_2026_01.csv
ORD000132,2026-01-28 02:40:00,2026-01,C0146,P022,1,523.95,0.1,523.95,471.56,Marketplace,PAY000132,Credit Card,PAID,2026-01-28 03:12:00,True,False,orders_2026_01.csv
ORD000133,2026-01-11 15:42:00,2026-01,C0078,P008,3,449.1,0.0,1347.3,1347.3,Marketplace,PAY000133,Credit Card,PAID,2026-01-11 17:27:00,True,False,orders_2026_01.csv
ORD000134,2026-01-08 15:18:00,2026-01,C0007,P018,2,3591.0,0.05,7182.0,6822.9,Marketplace,PAY000134,Bank Transfer,PAID,2026-01-08 16:18:00,True,False,orders_2026_01.csv
ORD000135,2026-01-15 04:33:00,2026-01,C0076,P027,2,25900.0,0.05,51800.0,49210.0,Mobile App,PAY000135,Credit Card,PAID,2026-01-15 05:23:00,True,False,orders_2026_01.csv
ORD000136,2026-01-18 05:28:00,2026-01,C0052,P003,2,25900.0,0.0,51800.0,51800.0,Mobile App,PAY000136,PromptPay,PAID,2026-01-18 05:57:00,True,False,orders_2026_01.csv
ORD000137,2026-01-07 00:33:00,2026-01,C0003,P039,2,990.0,0.05,1980.0,1881.0,Marketplace,PAY000137,PromptPay,PAID,2026-01-07 00:39:00,True,False,orders_2026_01.csv
ORD000138,2026-01-08 13:50:00,2026-01,C0145,P030,1,474.05,0.1,474.05,426.65,Mobile App,PAY000138,Credit Card,PAID,2026-01-08 13:54:00,True,False,orders_2026_01.csv
ORD000139,2026-01-05 03:18:00,2026-01,C0075,P016,1,1490.0,0.0,1490.0,1490.0,Web,PAY000139,Credit Card,PAID,2026-01-05 05:45:00,True,False,orders_2026_01.csv
ORD000140,2026-01-04 00:24:00,2026-01,C0132,P023,1,269.1,0.05,269.1,255.64,Marketplace,PAY000140,Credit Card,PAID,2026-01-04 00:39:00,True,False,orders_2026_01.csv
ORD000141,2026-01-14 11:29:00,2026-01,C0069,P011,2,23310.0,0.0,46620.0,46620.0,Web,PAY000141,Credit Card,PAID,2026-01-14 11:56:00,True,False,orders_2026_01.csv
ORD000142,2026-01-08 05:30:00,2026-01,C0127,P010,2,891.0,0.0,1782.0,1782.0,Web,PAY000142,Bank Transfer,FAILED,2026-01-08 06:50:00,False,False,orders_2026_01.csv
ORD000143,2026-01-18 23:04:00,2026-01,C0133,P007,1,25900.0,0.05,25900.0,24605.0,Web,PAY000143,Credit Card,PAID,2026-01-19 00:29:00,True,False,orders_2026_01.csv
ORD000144,2026-01-24 18:59:00,2026-01,C0165,P036,2,284.05,0.0,568.1,568.1,Web,PAY000144,Credit Card,PAID,2026-01-24 19:13:00,True,False,orders_2026_01.csv
ORD000145,2026-01-11 18:33:00,2026-01,C0142,P009,1,313.95,0.1,313.95,282.56,Web,PAY000145,Credit Card,PAID,2026-01-11 19:39:00,True,False,orders_2026_01.csv
ORD000146,2026-01-13 00:04:00,2026-01,C0096,P023,1,299.0,0.0,299.0,299.0,Marketplace,PAY000146,Bank Transfer,PAID,2026-01-13 00:08:00,True,False,orders_2026_01.csv
ORD000147,2026-01-24 10:34:00,2026-01,C0114,P001,1,299.0,0.0,299.0,299.0,Marketplace,PAY000147,Bank Transfer,PAID,2026-01-24 12:27:00,True,False,orders_2026_01.csv
ORD000148,2026-01-16 20:05:00,2026-01,C0121,P040,1,3591.0,0.05,3591.0,3411.45,Mobile App,PAY000148,Credit Card,FAILED,2026-01-16 22:33:00,False,False,orders_2026_01.csv
ORD000149,2026-01-04 10:57:00,2026-01,C0033,P028,1,299.0,0.05,299.0,284.05,Mobile App,PAY000149,Bank Transfer,PAID,2026-01-04 12:47:00,True,False,orders_2026_01.csv
ORD000150,2026-01-11 10:12:00,2026-01,C0067,P033,2,12900.0,0.0,25800.0,25800.0,Mobile App,PAY000150,Bank Transfer,PAID,2026-01-11 12:02:00,True,False,orders_2026_01.csv
ORD000151,2026-01-06 02:33:00,2026-01,C0004,P036,1,269.1,0.0,269.1,269.1,Mobile App,PAY000151,Credit Card,PAID,2026-01-06 05:16:00,True,False,orders_2026_01.csv
ORD000152,2026-01-20 15:01:00,2026-01,C0026,P040,2,3990.0,0.0,7980.0,7980.0,Marketplace,PAY000152,Bank Transfer,PAID,2026-01-20 15:53:00,True,False,orders_2026_01.csv
ORD000153,2026-01-08 04:09:00,2026-01,C0120,P011,1,25900.0,0.0,25900.0,25900.0,Mobile App,PAY000153,Credit Card,PAID,2026-01-08 04:54:00,True,False,orders_2026_01.csv
ORD000154,2026-01-04 03:08:00,2026-01,C0047,P009,4,299.0,0.0,1196.0,1196.0,Marketplace,PAY000154,PromptPay,PAID,2026-01-04 05:58:00,True,False,orders_2026_01.csv
ORD000155,2026-01-19 06:03:00,2026-01,C0130,P014,4,990.0,0.0,3960.0,3960.0,Web,PAY000155,PromptPay,PAID,2026-01-19 07:13:00,True,False,orders_2026_01.csv
ORD000156,2026-01-07 14:35:00,2026-01,C0014,P001,2,269.1,0.0,538.2,538.2,Marketplace,PAY000156,PromptPay,PAID,2026-01-07 15:45:00,True,False,orders_2026_01.csv
ORD000157,2026-01-13 09:28:00,2026-01,C0054,P024,1,299.0,0.0,299.0,299.0,Marketplace,PAY000157,Credit Card,PAID,2026-01-13 11:34:00,True,False,orders_2026_01.csv
ORD000158,2026-01-14 21:41:00,2026-01,C0073,P027,1,23310.0,0.05,23310.0,22144.5,Web,PAY000158,Bank Transfer,PAID,2026-01-14 22:07:00,True,False,orders_2026_01.csv
ORD000159,2026-01-08 21:42:00,2026-01,C0141,P006,1,284.05,0.05,284.05,269.85,Mobile App,PAY000159,Credit Card,PAID,2026-01-08 23:30:00,True,False,orders_2026_01.csv
ORD000160,2026-01-15 17:15:00,2026-01,C0059,P014,2,990.0,0.0,1980.0,1980.0,Mobile App,PAY000160,Credit Card,PAID,2026-01-15 19:09:00,True,False,orders_2026_01.csv
ORD000161,2026-01-11 15:47:00,2026-01,C0092,P012,1,891.0,0.05,891.0,846.45,Mobile App,PAY000161,Bank Transfer,PAID,2026-01-11 18:21:00,True,False,orders_2026_01.csv
ORD000162,2026-01-24 04:41:00,2026-01,C0130,P002,2,1415.5,0.05,2831.0,2689.45,Mobile App,PAY000162,Credit Card,PAID,2026-01-24 07:23:00,True,False,orders_2026_01.csv
ORD000163,2026-01-24 22:34:00,2026-01,C0093,P037,1,24605.0,0.1,24605.0,22144.5,Marketplace,PAY000163,PromptPay,PAID,2026-01-24 23:22:00,True,False,orders_2026_01.csv
ORD000164,2026-01-06 04:10:00,2026-01,C0112,P033,3,11610.0,0.0,34830.0,34830.0,Marketplace,PAY000164,Credit Card,PAID,2026-01-06 04:53:00,True,False,orders_2026_01.csv
ORD000165,2026-01-26 09:37:00,2026-01,C0002,P024,1,299.0,0.0,299.0,299.0,Marketplace,PAY000165,PromptPay,PAID,2026-01-26 11:39:00,True,False,orders_2026_01.csv
ORD000166,2026-01-05 14:37:00,2026-01,C0001,P027,3,27195.0,0.0,81585.0,81585.0,Web,PAY000166,Bank Transfer,PAID,2026-01-05 16:33:00,True,False,orders_2026_01.csv
ORD000167,2026-01-04 15:26:00,2026-01,C0151,P006,1,284.05,0.1,284.05,255.64,Web,PAY000167,Credit Card,FAILED,2026-01-04 16:32:00,False,False,orders_2026_01.csv
ORD000168,2026-01-10 11:34:00,2026-01,C0004,P019,3,3990.0,0.0,11970.0,11970.0,Marketplace,PAY000168,Credit Card,PAID,2026-01-10 12:59:00,True,False,orders_2026_01.csv
ORD000169,2026-01-23 15:45:00,2026-01,C0073,P018,1,3591.0,0.1,3591.0,3231.9,Marketplace,PAY000169,Bank Transfer,PAID,2026-01-23 15:58:00,True,False,orders_2026_01.csv
ORD000170,2026-01-18 21:15:00,2026-01,C0004,P020,1,499.0,0.0,499.0,499.0,Marketplace,PAY000170,Bank Transfer,PAID,2026-01-18 22:05:00,True,False,orders_2026_01.csv
ORD000171,2026-01-26 20:58:00,2026-01,C0160,P010,2,891.0,0.0,1782.0,1782.0,Web,PAY000171,Credit Card,PAID,2026-01-26 21:59:00,True,False,orders_2026_01.csv
ORD000172,2026-01-20 16:52:00,2026-01,C0028,P034,1,299.0,0.1,299.0,269.1,Mobile App,PAY000172,PromptPay,PAID,2026-01-20 17:39:00,True,False,orders_2026_01.csv
ORD000173,2026-01-03 06:14:00,2026-01,C0137,P007,3,27195.0,0.0,81585.0,81585.0,Marketplace,PAY000173,Credit Card,PAID,2026-01-03 08:17:00,True,False,orders_2026_01.csv
ORD000174,2026-01-28 23:11:00,2026-01,C0075,P018,4,3990.0,0.05,15960.0,15162.0,Marketplace,PAY000174,Credit Card,PAID,2026-01-28 23:29:00,True,False,orders_2026_01.csv
ORD000175,2026-01-26 17:56:00,2026-01,C0088,P004,3,1564.5,0.0,4693.5,4693.5,Marketplace,PAY000175,Credit Card,PAID,2026-01-26 18:58:00,True,False,orders_2026_01.csv
ORD000176,2026-01-21 02:49:00,2026-01,C0120,P025,2,27195.0,0.0,54390.0,54390.0,Mobile App,PAY000176,Credit Card,PAID,2026-01-21 05:33:00,True,False,orders_2026_01.csv
ORD000177,2026-01-04 02:29:00,2026-01,C0015,P027,2,23310.0,0.05,46620.0,44289.0,Mobile App,PAY000177,Credit Card,PAID,2026-01-04 05:23:00,True,False,orders_2026_01.csv
ORD000178,2026-01-26 22:57:00,2026-01,C0127,P028,4,299.0,0.0,1196.0,1196.0,Mobile App,PAY000178,Bank Transfer,PAID,2026-01-27 01:41:00,True,False,orders_2026_01.csv
ORD000179,2026-01-22 06:53:00,2026-01,C0147,P012,4,940.5,0.05,3762.0,3573.9,Marketplace,PAY000179,Credit Card,FAILED,2026-01-22 08:18:00,False,False,orders_2026_01.csv
ORD000180,2026-01-06 14:27:00,2026-01,C0026,P021,1,23310.0,0.0,23310.0,23310.0,Marketplace,PAY000180,Bank Transfer,PAID,2026-01-06 16:40:00,True,False,orders_2026_01.csv
ORD000181,2026-01-17 22:36:00,2026-01,C0078,P007,1,25900.0,0.0,25900.0,25900.0,Mobile App,PAY000181,PromptPay,PAID,2026-01-17 23:43:00,True,False,orders_2026_01.csv
ORD000182,2026-01-19 01:42:00,2026-01,C0135,P025,1,23310.0,0.0,23310.0,23310.0,Mobile App,PAY000182,Credit Card,PAID,2026-01-19 02:14:00,True,False,orders_2026_01.csv
ORD000183,2026-01-11 14:35:00,2026-01,C0044,P038,3,11610.0,0.0,34830.0,34830.0,Web,PAY000183,PromptPay,PAID,2026-01-11 14:59:00,True,False,orders_2026_01.csv
ORD000184,2026-01-17 11:36:00,2026-01,C0154,P019,4,3790.5,0.0,15162.0,15162.0,Web,PAY000184,PromptPay,PAID,2026-01-17 12:30:00,True,False,orders_2026_01.csv
ORD000185,2026-01-08 11:35:00,2026-01,C0140,P028,4,269.1,0.1,1076.4,968.76,Mobile App,PAY000185,Credit Card,PAID,2026-01-08 11:57:00,True,False,orders_2026_01.csv
ORD000186,2026-01-11 06:19:00,2026-01,C0077,P003,1,27195.0,0.0,27195.0,27195.0,Marketplace,PAY000186,Bank Transfer,FAILED,2026-01-11 06:27:00,False,False,orders_2026_01.csv
ORD000187,2026-01-22 17:38:00,2026-01,C0092,P039,2,990.0,0.0,1980.0,1980.0,Marketplace,PAY000187,Credit Card,PAID,2026-01-22 19:22:00,True,False,orders_2026_01.csv
ORD000188,2026-01-22 03:20:00,2026-01,C0047,P031,4,1490.0,0.05,5960.0,5662.0,Marketplace,PAY000188,Credit Card,PAID,2026-01-22 06:04:00,True,False,orders_2026_01.csv
ORD000189,2026-01-09 07:30:00,2026-01,C0165,P008,2,523.95,0.1,1047.9,943.11,Marketplace,PAY000189,PromptPay,PAID,2026-01-09 07:43:00,True,False,orders_2026_01.csv
ORD000190,2026-01-28 04:14:00,2026-01,C0129,P025,4,27195.0,0.0,108780.0,108780.0,Marketplace,PAY000190,PromptPay,PAID,2026-01-28 04:22:00,True,False,orders_2026_01.csv
ORD000191,2026-01-17 08:52:00,2026-01,C0011,P023,1,299.0,0.0,299.0,299.0,Mobile App,PAY000191,PromptPay,PAID,2026-01-17 11:42:00,True,False,orders_2026_01.csv
ORD000192,2026-01-13 01:30:00,2026-01,C0101,P039,1,1039.5,0.0,1039.5,1039.5,Web,PAY000192,Bank Transfer,PAID,2026-01-13 02:16:00,True,False,orders_2026_01.csv
ORD000193,2026-01-18 00:15:00,2026-01,C0052,P005,2,299.0,0.1,598.0,538.2,Mobile App,PAY000193,Credit Card,PAID,2026-01-18 00:18:00,True,False,orders_2026_01.csv
ORD000194,2026-01-22 00:46:00,2026-01,C0113,P001,1,299.0,0.1,299.0,269.1,Marketplace,PAY000194,Bank Transfer,PAID,2026-01-22 02:31:00,True,False,orders_2026_01.csv
ORD000195,2026-01-11 22:27:00,2026-01,C0094,P014,2,990.0,0.0,1980.0,1980.0,Mobile App,PAY000195,Bank Transfer,PAID,2026-01-11 23:40:00,True,False,orders_2026_01.csv
ORD000196,2026-01-20 08:53:00,2026-01,C0132,P007,1,25900.0,0.1,25900.0,23310.0,Web,PAY000196,PromptPay,PAID,2026-01-20 10:07:00,True,False,orders_2026_01.csv
ORD000197,2026-01-06 22:25:00,2026-01,C0099,P002,1,1415.5,0.05,1415.5,1344.72,Web,PAY000197,Credit Card,PAID,2026-01-07 01:07:00,True,False,orders_2026_01.csv
ORD000198,2026-01-22 16:13:00,2026-01,C0040,P012,4,990.0,0.1,3960.0,3564.0,Marketplace,PAY000198,Bank Transfer,PAID,2026-01-22 17:18:00,True,False,orders_2026_01.csv
ORD000199,2026-01-21 10:46:00,2026-01,C0161,P010,2,891.0,0.0,1782.0,1782.0,Mobile App,PAY000199,PromptPay,PAID,2026-01-21 12:28:00,True,False,orders_2026_01.csv
ORD000200,2026-01-01 14:06:00,2026-01,C0097,P004,2,1341.0,0.0,2682.0,2682.0,Mobile App,PAY000200,PromptPay,PAID,2026-01-01 16:49:00,True,False,orders_2026_01.csv
ORD000201,2026-01-22 12:04:00,2026-01,C0059,P022,4,449.1,0.0,1796.4,1796.4,Marketplace,PAY000201,PromptPay,PAID,2026-01-22 14:32:00,True,False,orders_2026_01.csv
ORD000202,2026-01-04 08:21:00,2026-01,C0019,P027,2,23310.0,0.05,46620.0,44289.0,Web,PAY000202,PromptPay,PAID,2026-01-04 10:23:00,True,False,orders_2026_01.csv
ORD000203,2026-01-12 15:24:00,2026-01,C0083,P025,1,25900.0,0.0,25900.0,25900.0,Mobile App,PAY000203,Credit Card,PAID,2026-01-12 17:06:00,True,False,orders_2026_01.csv
ORD000204,2026-01-06 00:39:00,2026-01,C0131,P036,2,313.95,0.0,627.9,627.9,Mobile App,PAY000204,Credit Card,PAID,2026-01-06 03:10:00,True,False,orders_2026_01.csv
ORD000205,2026-01-17 13:52:00,2026-01,C0160,P030,4,499.0,0.05,1996.0,1896.2,Web,PAY000205,Credit Card,FAILED,2026-01-17 15:25:00,False,False,orders_2026_01.csv
ORD000206,2026-01-06 21:44:00,2026-01,C0008,P023,4,269.1,0.0,1076.4,1076.4,Web,PAY000206,PromptPay,PAID,2026-01-06 23:55:00,True,False,orders_2026_01.csv
ORD000207,2026-01-11 04:13:00,2026-01,C0052,P001,1,313.95,0.0,313.95,313.95,Marketplace,PAY000207,PromptPay,PAID,2026-01-11 05:29:00,True,False,orders_2026_01.csv
ORD000208,2026-01-25 17:56:00,2026-01,C0024,P037,4,23310.0,0.1,93240.0,83916.0,Web,PAY000208,PromptPay,PAID,2026-01-25 18:11:00,True,False,orders_2026_01.csv
ORD000209,2026-01-14 02:39:00,2026-01,C0067,P006,1,284.05,0.0,284.05,284.05,Marketplace,PAY000209,PromptPay,PAID,2026-01-14 05:29:00,True,False,orders_2026_01.csv
ORD000210,2026-01-26 09:51:00,2026-01,C0013,P009,1,299.0,0.0,299.0,299.0,Mobile App,PAY000210,Credit Card,PAID,2026-01-26 11:17:00,True,False,orders_2026_01.csv
ORD000211,2026-01-24 08:11:00,2026-01,C0066,P022,2,499.0,0.05,998.0,948.1,Web,PAY000211,Credit Card,PAID,2026-01-24 08:30:00,True,False,orders_2026_01.csv
ORD000212,2026-01-10 23:01:00,2026-01,C0071,P001,2,284.05,0.1,568.1,511.29,Marketplace,PAY000212,Credit Card,PAID,2026-01-11 01:18:00,True,False,orders_2026_01.csv
ORD000213,2026-01-17 11:40:00,2026-01,C0025,P021,1,25900.0,0.0,25900.0,25900.0,Marketplace,PAY000213,PromptPay,PAID,2026-01-17 13:48:00,True,False,orders_2026_01.csv
ORD000214,2026-01-09 14:42:00,2026-01,C0014,P019,2,3990.0,0.0,7980.0,7980.0,Web,PAY000214,Credit Card,PAID,2026-01-09 15:24:00,True,False,orders_2026_01.csv
ORD000215,2026-01-21 10:20:00,2026-01,C0040,P036,2,299.0,0.05,598.0,568.1,Web,PAY000215,PromptPay,PAID,2026-01-21 11:14:00,True,False,orders_2026_01.csv
ORD000216,2026-01-28 05:31:00,2026-01,C0024,P033,1,12255.0,0.0,12255.0,12255.0,Marketplace,PAY000216,Credit Card,PAID,2026-01-28 07:48:00,True,False,orders_2026_01.csv
ORD000217,2026-01-16 22:43:00,2026-01,C0081,P028,1,284.05,0.05,284.05,269.85,Mobile App,PAY000217,PromptPay,REFUNDED,2026-01-17 00:44:00,False,False,orders_2026_01.csv
ORD000218,2026-01-01 18:45:00,2026-01,C0072,P020,3,474.05,0.1,1422.15,1279.94,Mobile App,PAY000218,Bank Transfer,PAID,2026-01-01 20:07:00,True,False,orders_2026_01.csv
ORD000219,2026-01-10 09:38:00,2026-01,C0081,P021,1,27195.0,0.0,27195.0,27195.0,Web,PAY000219,Bank Transfer,PAID,2026-01-10 12:03:00,True,False,orders_2026_01.csv
ORD000220,2026-01-12 20:20:00,2026-01,C0135,P037,1,24605.0,0.0,24605.0,24605.0,Marketplace,PAY000220,Credit Card,PAID,2026-01-12 22:17:00,True,False,orders_2026_01.csv
ORD000221,2026-01-25 21:10:00,2026-01,C0157,P008,4,523.95,0.05,2095.8,1991.01,Marketplace,PAY000221,Credit Card,PAID,2026-01-25 21:26:00,True,False,orders_2026_01.csv
ORD000222,2026-01-23 20:37:00,2026-01,C0109,P027,1,24605.0,0.1,24605.0,22144.5,Mobile App,PAY000222,Credit Card,PAID,2026-01-23 22:07:00,True,False,orders_2026_01.csv
ORD000223,2026-01-17 01:11:00,2026-01,C0051,P014,2,940.5,0.0,1881.0,1881.0,Marketplace,PAY000223,PromptPay,PAID,2026-01-17 01:44:00,True,False,orders_2026_01.csv
ORD000224,2026-01-14 21:18:00,2026-01,C0012,P031,1,1490.0,0.0,1490.0,1490.0,Web,PAY000224,PromptPay,PAID,2026-01-14 22:01:00,True,False,orders_2026_01.csv
ORD000225,2026-01-16 05:19:00,2026-01,C0135,P025,1,23310.0,0.05,23310.0,22144.5,Mobile App,PAY000225,PromptPay,PAID,2026-01-16 06:29:00,True,False,orders_2026_01.csv
ORD000226,2026-01-08 17:35:00,2026-01,C0064,P003,3,23310.0,0.0,69930.0,69930.0,Mobile App,PAY000226,Credit Card,PAID,2026-01-08 18:59:00,True,False,orders_2026_01.csv
ORD000227,2026-01-02 17:13:00,2026-01,C0007,P016,1,1490.0,0.0,1490.0,1490.0,Marketplace,PAY000227,Bank Transfer,PAID,2026-01-02 19:15:00,True,False,orders_2026_01.csv
ORD000228,2026-01-17 20:14:00,2026-01,C0053,P028,3,299.0,0.0,897.0,897.0,Web,PAY000228,Credit Card,PAID,2026-01-17 21:37:00,True,False,orders_2026_01.csv
ORD000229,2026-01-08 13:18:00,2026-01,C0008,P017,2,940.5,0.0,1881.0,1881.0,Mobile App,PAY000229,Bank Transfer,PAID,2026-01-08 14:50:00,True,False,orders_2026_01.csv
ORD000230,2026-01-19 20:00:00,2026-01,C0160,P015,4,299.0,0.1,1196.0,1076.4,Web,PAY000230,PromptPay,PAID,2026-01-19 20:18:00,True,False,orders_2026_01.csv
ORD000231,2026-01-11 10:24:00,2026-01,C0033,P038,1,12900.0,0.0,12900.0,12900.0,Web,PAY000231,Credit Card,PAID,2026-01-11 10:38:00,True,False,orders_2026_01.csv
ORD000232,2026-01-08 03:01:00,2026-01,C0004,P008,1,499.0,0.05,499.0,474.05,Marketplace,PAY000232,PromptPay,PAID,2026-01-08 03:06:00,True,False,orders_2026_01.csv
ORD000233,2026-01-18 08:14:00,2026-01,C0085,P007,2,25900.0,0.0,51800.0,51800.0,Marketplace,PAY000233,PromptPay,PAID,2026-01-18 09:31:00,True,False,orders_2026_01.csv
ORD000234,2026-01-06 03:24:00,2026-01,C0025,P026,2,12900.0,0.0,25800.0,25800.0,Marketplace,PAY000234,Bank Transfer,PAID,2026-01-06 04:58:00,True,False,orders_2026_01.csv
ORD000235,2026-01-12 09:30:00,2026-01,C0087,P030,3,499.0,0.0,1497.0,1497.0,Marketplace,PAY000235,PromptPay,PAID,2026-01-12 11:42:00,True,False,orders_2026_01.csv
ORD000236,2026-01-19 05:22:00,2026-01,C0068,P027,1,23310.0,0.05,23310.0,22144.5,Marketplace,PAY000236,Bank Transfer,PAID,2026-01-19 05:28:00,True,False,orders_2026_01.csv
ORD000237,2026-01-17 04:02:00,2026-01,C0020,P030,3,523.95,0.1,1571.85,1414.67,Web,PAY000237,Bank Transfer,PAID,2026-01-17 04:13:00,True,False,orders_2026_01.csv
ORD000238,2026-01-10 23:15:00,2026-01,C0140,P034,2,313.95,0.0,627.9,627.9,Marketplace,PAY000238,Bank Transfer,PAID,2026-01-11 02:11:00,True,False,orders_2026_01.csv
ORD000239,2026-01-27 08:24:00,2026-01,C0044,P004,2,1490.0,0.0,2980.0,2980.0,Marketplace,PAY000239,Credit Card,PAID,2026-01-27 08:51:00,True,False,orders_2026_01.csv
ORD000240,2026-01-01 04:54:00,2026-01,C0091,P018,1,3990.0,0.0,3990.0,3990.0,Mobile App,PAY000240,PromptPay,PAID,2026-01-01 06:09:00,True,False,orders_2026_01.csv
ORD000241,2026-01-24 06:52:00,2026-01,C0003,P026,3,12255.0,0.0,36765.0,36765.0,Web,PAY000241,Credit Card,PAID,2026-01-24 09:08:00,True,False,orders_2026_01.csv
ORD000242,2026-01-08 00:54:00,2026-01,C0106,P016,2,1490.0,0.0,2980.0,2980.0,Web,PAY000242,Credit Card,PAID,2026-01-08 03:54:00,True,False,orders_2026_01.csv
ORD000243,2026-01-19 16:38:00,2026-01,C0129,P013,3,499.0,0.1,1497.0,1347.3,Mobile App,PAY000243,Bank Transfer,PAID,2026-01-19 17:52:00,True,False,orders_2026_01.csv
ORD000244,2026-01-16 14:15:00,2026-01,C0153,P029,2,3990.0,0.05,7980.0,7581.0,Web,PAY000244,PromptPay,PAID,2026-01-16 16:05:00,True,False,orders_2026_01.csv
ORD000245,2026-01-11 05:18:00,2026-01,C0058,P031,1,1415.5,0.1,1415.5,1273.95,Web,PAY000245,Credit Card,PAID,2026-01-11 06:59:00,True,False,orders_2026_01.csv
ORD000246,2026-01-12 03:50:00,2026-01,C0107,P028,1,269.1,0.05,269.1,255.64,Mobile App,PAY000246,Bank Transfer,PAID,2026-01-12 06:31:00,True,False,orders_2026_01.csv
ORD000247,2026-01-20 00:13:00,2026-01,C0025,P029,2,4189.5,0.05,8379.0,7960.05,Web,PAY000247,PromptPay,PAID,2026-01-20 01:03:00,True,False,orders_2026_01.csv
ORD000248,2026-01-14 08:37:00,2026-01,C0144,P009,1,284.05,0.0,284.05,284.05,Mobile App,PAY000248,PromptPay,PAID,2026-01-14 08:56:00,True,False,orders_2026_01.csv
ORD000249,2026-01-04 01:05:00,2026-01,C0121,P008,3,499.0,0.0,1497.0,1497.0,Web,PAY000249,Credit Card,PAID,2026-01-04 03:32:00,True,False,orders_2026_01.csv
ORD000250,2026-01-20 22:06:00,2026-01,C0160,P039,3,891.0,0.05,2673.0,2539.35,Web,PAY000250,Credit Card,PAID,2026-01-20 23:00:00,True,False,orders_2026_01.csv
ORD000251,2026-01-10 23:16:00,2026-01,C0014,P010,3,891.0,0.1,2673.0,2405.7,Web,PAY000251,Bank Transfer,PAID,2026-01-11 00:28:00,True,False,orders_2026_01.csv
ORD000252,2026-01-12 07:49:00,2026-01,C0068,P020,1,449.1,0.1,449.1,404.19,Web,PAY000252,Credit Card,PAID,2026-01-12 08:17:00,True,False,orders_2026_01.csv
ORD000253,2026-01-05 12:14:00,2026-01,C0139,P029,4,3990.0,0.1,15960.0,14364.0,Marketplace,PAY000253,Bank Transfer,PAID,2026-01-05 14:03:00,True,False,orders_2026_01.csv
ORD000254,2026-01-02 14:40:00,2026-01,C0030,P012,2,990.0,0.0,1980.0,1980.0,Mobile App,PAY000254,Bank Transfer,PAID,2026-01-02 16:51:00,True,False,orders_2026_01.csv
ORD000255,2026-01-26 05:45:00,2026-01,C0090,P010,2,940.5,0.0,1881.0,1881.0,Mobile App,PAY000255,PromptPay,PAID,2026-01-26 08:04:00,True,False,orders_2026_01.csv
ORD000256,2026-01-07 08:04:00,2026-01,C0056,P024,4,299.0,0.0,1196.0,1196.0,Mobile App,PAY000256,PromptPay,FAILED,2026-01-07 09:10:00,False,False,orders_2026_01.csv
ORD000257,2026-01-15 04:48:00,2026-01,C0016,P014,1,990.0,0.05,990.0,940.5,Mobile App,PAY000257,Credit Card,PAID,2026-01-15 05:54:00,True,False,orders_2026_01.csv
ORD000258,2026-01-02 00:35:00,2026-01,C0050,P002,4,1490.0,0.0,5960.0,5960.0,Web,PAY000258,PromptPay,PAID,2026-01-02 02:44:00,True,False,orders_2026_01.csv
ORD000259,2026-01-18 01:24:00,2026-01,C0102,P039,3,1039.5,0.1,3118.5,2806.65,Marketplace,PAY000259,PromptPay,PAID,2026-01-18 02:01:00,True,False,orders_2026_01.csv
ORD000260,2026-01-06 12:56:00,2026-01,C0151,P029,4,4189.5,0.1,16758.0,15082.2,Marketplace,PAY000260,Bank Transfer,PAID,2026-01-06 14:03:00,True,False,orders_2026_01.csv
ORD000261,2026-01-19 00:17:00,2026-01,C0037,P032,1,25900.0,0.0,25900.0,25900.0,Web,PAY000261,Credit Card,PAID,2026-01-19 03:05:00,True,False,orders_2026_01.csv
ORD000262,2026-01-24 01:10:00,2026-01,C0049,P013,2,499.0,0.0,998.0,998.0,Marketplace,PAY000262,PromptPay,FAILED,2026-01-24 01:14:00,False,False,orders_2026_01.csv
ORD000263,2026-01-21 09:23:00,2026-01,C0019,P019,2,3990.0,0.1,7980.0,7182.0,Mobile App,PAY000263,Bank Transfer,PAID,2026-01-21 12:13:00,True,False,orders_2026_01.csv
ORD000264,2026-01-15 23:38:00,2026-01,C0110,P018,2,3990.0,0.1,7980.0,7182.0,Mobile App,PAY000264,Bank Transfer,PAID,2026-01-16 01:52:00,True,False,orders_2026_01.csv
ORD000265,2026-01-25 21:34:00,2026-01,C0116,P031,2,1490.0,0.05,2980.0,2831.0,Web,PAY000265,PromptPay,PAID,2026-01-25 22:52:00,True,False,orders_2026_01.csv
ORD000266,2026-01-23 00:34:00,2026-01,C0010,P037,2,24605.0,0.1,49210.0,44289.0,Mobile App,PAY000266,Credit Card,REFUNDED,2026-01-23 02:58:00,False,False,orders_2026_01.csv
ORD000267,2026-01-04 08:54:00,2026-01,C0164,P023,4,284.05,0.0,1136.2,1136.2,Marketplace,PAY000267,Bank Transfer,PAID,2026-01-04 10:20:00,True,False,orders_2026_01.csv
ORD000268,2026-01-13 08:12:00,2026-01,C0045,P018,3,3591.0,0.0,10773.0,10773.0,Mobile App,PAY000268,Credit Card,PAID,2026-01-13 08:58:00,True,False,orders_2026_01.csv
ORD000269,2026-01-16 02:11:00,2026-01,C0115,P012,4,1039.5,0.0,4158.0,4158.0,Marketplace,PAY000269,Bank Transfer,PAID,2026-01-16 03:31:00,True,False,orders_2026_01.csv
ORD000270,2026-01-12 19:00:00,2026-01,C0087,P030,3,449.1,0.05,1347.3,1279.94,Web,PAY000270,Bank Transfer,PAID,2026-01-12 19:18:00,True,False,orders_2026_01.csv
ORD000271,2026-01-07 11:25:00,2026-01,C0091,P035,2,23310.0,0.0,46620.0,46620.0,Web,PAY000271,Credit Card,PAID,2026-01-07 14:14:00,True,False,orders_2026_01.csv
ORD000272,2026-01-19 03:26:00,2026-01,C0159,P038,1,13545.0,0.0,13545.0,13545.0,Mobile App,PAY000272,Credit Card,PAID,2026-01-19 04:25:00,True,False,orders_2026_01.csv
ORD000273,2026-01-12 05:23:00,2026-01,C0008,P005,1,269.1,0.0,269.1,269.1,Mobile App,PAY000273,Credit Card,PAID,2026-01-12 06:20:00,True,False,orders_2026_01.csv
ORD000274,2026-01-10 19:46:00,2026-01,C0157,P028,2,299.0,0.0,598.0,598.0,Web,PAY000274,PromptPay,PAID,2026-01-10 22:12:00,True,False,orders_2026_01.csv
ORD000275,2026-01-28 07:37:00,2026-01,C0031,P032,1,23310.0,0.0,23310.0,23310.0,Mobile App,PAY000275,Bank Transfer,PAID,2026-01-28 08:56:00,True,False,orders_2026_01.csv
ORD000276,2026-01-17 00:45:00,2026-01,C0163,P013,1,523.95,0.1,523.95,471.56,Marketplace,PAY000276,Bank Transfer,PAID,2026-01-17 02:25:00,True,False,orders_2026_01.csv
ORD000277,2026-01-08 09:08:00,2026-01,C0007,P009,3,299.0,0.0,897.0,897.0,Marketplace,PAY000277,Bank Transfer,PAID,2026-01-08 11:22:00,True,False,orders_2026_01.csv
ORD000278,2026-01-09 23:49:00,2026-01,C0002,P015,2,313.95,0.0,627.9,627.9,Marketplace,PAY000278,Credit Card,PAID,2026-01-10 02:25:00,True,False,orders_2026_01.csv
ORD000279,2026-01-21 01:07:00,2026-01,C0004,P040,2,3990.0,0.0,7980.0,7980.0,Mobile App,PAY000279,PromptPay,PAID,2026-01-21 02:34:00,True,False,orders_2026_01.csv
ORD000280,2026-01-27 03:52:00,2026-01,C0101,P004,2,1490.0,0.05,2980.0,2831.0,Web,PAY000280,Credit Card,PAID,2026-01-27 04:58:00,True,False,orders_2026_01.csv
ORD000281,2026-01-04 23:47:00,2026-01,C0099,P011,1,23310.0,0.0,23310.0,23310.0,Mobile App,PAY000281,Bank Transfer,PAID,2026-01-05 01:18:00,True,False,orders_2026_01.csv
ORD000282,2026-01-18 02:19:00,2026-01,C0137,P026,1,12900.0,0.0,12900.0,12900.0,Marketplace,PAY000282,PromptPay,PAID,2026-01-18 04:13:00,True,False,orders_2026_01.csv
ORD000283,2026-01-05 22:30:00,2026-01,C0078,P010,2,1039.5,0.0,2079.0,2079.0,Web,PAY000283,PromptPay,PAID,2026-01-05 22:38:00,True,False,orders_2026_01.csv
ORD000284,2026-01-07 09:47:00,2026-01,C0115,P035,3,25900.0,0.0,77700.0,77700.0,Web,PAY000284,PromptPay,PAID,2026-01-07 11:53:00,True,False,orders_2026_01.csv
ORD000285,2026-01-02 15:23:00,2026-01,C0094,P025,2,27195.0,0.05,54390.0,51670.5,Mobile App,PAY000285,Bank Transfer,FAILED,2026-01-02 17:43:00,False,False,orders_2026_01.csv
ORD000286,2026-01-25 11:47:00,2026-01,C0106,P027,2,25900.0,0.05,51800.0,49210.0,Marketplace,PAY000286,PromptPay,PAID,2026-01-25 13:38:00,True,False,orders_2026_01.csv
ORD000287,2026-01-17 00:04:00,2026-01,C0074,P026,1,12255.0,0.0,12255.0,12255.0,Marketplace,PAY000287,Bank Transfer,PAID,2026-01-17 02:51:00,True,False,orders_2026_01.csv
ORD000288,2026-01-07 04:21:00,2026-01,C0005,P029,3,3990.0,0.0,11970.0,11970.0,Marketplace,PAY000288,PromptPay,PAID,2026-01-07 04:36:00,True,False,orders_2026_01.csv
ORD000289,2026-01-15 09:31:00,2026-01,C0083,P029,3,3790.5,0.0,11371.5,11371.5,Marketplace,PAY000289,Bank Transfer,PAID,2026-01-15 09:43:00,True,False,orders_2026_01.csv
ORD000290,2026-01-12 13:01:00,2026-01,C0038,P034,4,299.0,0.0,1196.0,1196.0,Web,PAY000290,Credit Card,PAID,2026-01-12 14:21:00,True,False,orders_2026_01.csv
ORD000291,2026-01-27 10:12:00,2026-01,C0158,P036,3,299.0,0.1,897.0,807.3,Mobile App,PAY000291,PromptPay,PAID,2026-01-27 10:43:00,True,False,orders_2026_01.csv
ORD000292,2026-01-24 12:23:00,2026-01,C0130,P013,1,474.05,0.05,474.05,450.35,Mobile App,PAY000292,Bank Transfer,PAID,2026-01-24 14:47:00,True,False,orders_2026_01.csv
ORD000293,2026-01-12 19:17:00,2026-01,C0048,P037,3,24605.0,0.0,73815.0,73815.0,Web,PAY000293,PromptPay,PAID,2026-01-12 20:54:00,True,False,orders_2026_01.csv
ORD000294,2026-01-08 14:54:00,2026-01,C0109,P007,1,27195.0,0.05,27195.0,25835.25,Mobile App,PAY000294,Credit Card,FAILED,2026-01-08 16:03:00,False,False,orders_2026_01.csv
ORD000295,2026-01-04 05:04:00,2026-01,C0054,P036,2,313.95,0.1,627.9,565.11,Mobile App,PAY000295,PromptPay,PAID,2026-01-04 05:52:00,True,False,orders_2026_01.csv
ORD000296,2026-01-16 06:57:00,2026-01,C0104,P036,1,284.05,0.0,284.05,284.05,Marketplace,PAY000296,Bank Transfer,PAID,2026-01-16 07:02:00,True,False,orders_2026_01.csv
ORD000297,2026-01-15 13:14:00,2026-01,C0123,P019,2,3990.0,0.05,7980.0,7581.0,Mobile App,PAY000297,PromptPay,PAID,2026-01-15 15:38:00,True,False,orders_2026_01.csv
ORD000298,2026-01-27 17:42:00,2026-01,C0122,P039,2,891.0,0.1,1782.0,1603.8,Marketplace,PAY000298,Credit Card,PAID,2026-01-27 19:15:00,True,False,orders_2026_01.csv
ORD000299,2026-01-02 22:35:00,2026-01,C0009,P021,3,24605.0,0.1,73815.0,66433.5,Web,PAY000299,Bank Transfer,PAID,2026-01-03 00:20:00,True,False,orders_2026_01.csv
ORD000300,2026-01-20 05:53:00,2026-01,C0138,P009,2,269.1,0.1,538.2,484.38,Web,PAY000300,PromptPay,PAID,2026-01-20 06:26:00,True,False,orders_2026_01.csv
ORD000301,2026-01-12 08:38:00,2026-01,C0013,P040,4,3990.0,0.0,15960.0,15960.0,Marketplace,PAY000301,Bank Transfer,PAID,2026-01-12 10:45:00,True,False,orders_2026_01.csv
ORD000302,2026-01-02 04:34:00,2026-01,C0081,P026,1,11610.0,0.05,11610.0,11029.5,Mobile App,PAY000302,PromptPay,PAID,2026-01-02 06:41:00,True,False,orders_2026_01.csv
ORD000303,2026-01-20 15:52:00,2026-01,C0101,P026,4,12900.0,0.0,51600.0,51600.0,Marketplace,PAY000303,PromptPay,PAID,2026-01-20 17:24:00,True,False,orders_2026_01.csv
ORD000304,2026-01-04 19:27:00,2026-01,C0147,P009,4,313.95,0.0,1255.8,1255.8,Mobile App,PAY000304,Credit Card,PAID,2026-01-04 21:36:00,True,False,orders_2026_01.csv
ORD000305,2026-01-26 21:33:00,2026-01,C0116,P030,1,499.0,0.05,499.0,474.05,Web,PAY000305,Credit Card,PAID,2026-01-27 00:16:00,True,False,orders_2026_01.csv
ORD000306,2026-01-22 16:20:00,2026-01,C0126,P032,1,27195.0,0.0,27195.0,27195.0,Mobile App,PAY000306,PromptPay,PAID,2026-01-22 16:52:00,True,False,orders_2026_01.csv
ORD000307,2026-01-14 05:12:00,2026-01,C0109,P039,3,1039.5,0.0,3118.5,3118.5,Web,PAY000307,Credit Card,PAID,2026-01-14 06:46:00,True,False,orders_2026_01.csv
ORD000308,2026-01-06 21:33:00,2026-01,C0019,P037,4,23310.0,0.0,93240.0,93240.0,Marketplace,PAY000308,Credit Card,PAID,2026-01-06 22:49:00,True,False,orders_2026_01.csv
ORD000309,2026-01-16 01:10:00,2026-01,C0081,P015,1,299.0,0.0,299.0,299.0,Marketplace,PAY000309,PromptPay,PAID,2026-01-16 02:32:00,True,False,orders_2026_01.csv
ORD000310,2026-01-13 04:56:00,2026-01,C0029,P026,1,12900.0,0.0,12900.0,12900.0,Mobile App,PAY000310,Credit Card,FAILED,2026-01-13 07:45:00,False,False,orders_2026_01.csv
ORD000311,2026-01-13 17:06:00,2026-01,C0144,P032,3,25900.0,0.1,77700.0,69930.0,Mobile App,PAY000311,PromptPay,PAID,2026-01-13 17:17:00,True,False,orders_2026_01.csv
ORD000312,2026-01-04 13:24:00,2026-01,C0011,P026,1,12900.0,0.0,12900.0,12900.0,Mobile App,PAY000312,PromptPay,PAID,2026-01-04 14:00:00,True,False,orders_2026_01.csv
ORD000313,2026-01-18 16:23:00,2026-01,C0088,P025,4,23310.0,0.0,93240.0,93240.0,Marketplace,PAY000313,PromptPay,FAILED,2026-01-18 18:36:00,False,False,orders_2026_01.csv
ORD000314,2026-01-01 06:01:00,2026-01,C0027,P022,1,449.1,0.05,449.1,426.64,Web,PAY000314,Bank Transfer,FAILED,2026-01-01 07:10:00,False,False,orders_2026_01.csv
ORD000315,2026-01-21 13:58:00,2026-01,C0037,P016,1,1564.5,0.0,1564.5,1564.5,Marketplace,PAY000315,Bank Transfer,PAID,2026-01-21 14:19:00,True,False,orders_2026_01.csv
ORD000316,2026-01-15 06:25:00,2026-01,C0140,P021,1,27195.0,0.0,27195.0,27195.0,Web,PAY000316,Credit Card,PAID,2026-01-15 09:11:00,True,False,orders_2026_01.csv
ORD000317,2026-01-26 07:49:00,2026-01,C0068,P022,1,499.0,0.0,499.0,499.0,Marketplace,PAY000317,Bank Transfer,PAID,2026-01-26 10:10:00,True,False,orders_2026_01.csv
ORD000318,2026-01-04 17:13:00,2026-01,C0008,P002,1,1490.0,0.0,1490.0,1490.0,Mobile App,PAY000318,Credit Card,PAID,2026-01-04 17:44:00,True,False,orders_2026_01.csv
ORD000319,2026-01-28 14:43:00,2026-01,C0150,P013,1,499.0,0.0,499.0,499.0,Web,PAY000319,Bank Transfer,PAID,2026-01-28 17:09:00,True,False,orders_2026_01.csv
ORD000320,2026-01-05 23:01:00,2026-01,C0109,P008,1,523.95,0.0,523.95,523.95,Marketplace,PAY000320,Bank Transfer,PAID,2026-01-06 00:18:00,True,False,orders_2026_01.csv
ORD000321,2026-01-04 08:53:00,2026-01,C0079,P014,1,990.0,0.1,990.0,891.0,Mobile App,PAY000321,Bank Transfer,PAID,2026-01-04 10:21:00,True,False,orders_2026_01.csv
ORD000322,2026-01-21 08:25:00,2026-01,C0111,P036,1,284.05,0.0,284.05,284.05,Web,PAY000322,Credit Card,FAILED,2026-01-21 09:29:00,False,False,orders_2026_01.csv
ORD000323,2026-01-28 04:05:00,2026-01,C0151,P032,1,25900.0,0.0,25900.0,25900.0,Mobile App,PAY000323,Credit Card,PAID,2026-01-28 04:59:00,True,False,orders_2026_01.csv
ORD000324,2026-01-13 14:46:00,2026-01,C0044,P039,3,891.0,0.1,2673.0,2405.7,Mobile App,PAY000324,Bank Transfer,PAID,2026-01-13 17:04:00,True,False,orders_2026_01.csv
ORD000325,2026-01-07 06:28:00,2026-01,C0012,P018,1,4189.5,0.0,4189.5,4189.5,Mobile App,PAY000325,Credit Card,PAID,2026-01-07 08:31:00,True,False,orders_2026_01.csv
ORD000326,2026-01-26 10:56:00,2026-01,C0100,P008,2,449.1,0.0,898.2,898.2,Mobile App,PAY000326,Bank Transfer,REFUNDED,2026-01-26 11:27:00,False,False,orders_2026_01.csv
ORD000327,2026-01-09 08:32:00,2026-01,C0123,P020,3,474.05,0.0,1422.15,1422.15,Mobile App,PAY000327,PromptPay,PAID,2026-01-09 10:26:00,True,False,orders_2026_01.csv
ORD000328,2026-01-23 13:01:00,2026-01,C0046,P016,2,1341.0,0.0,2682.0,2682.0,Mobile App,PAY000328,PromptPay,PAID,2026-01-23 13:55:00,True,False,orders_2026_01.csv
ORD000329,2026-01-24 00:32:00,2026-01,C0140,P008,1,499.0,0.05,499.0,474.05,Marketplace,PAY000329,Bank Transfer,PAID,2026-01-24 03:18:00,True,False,orders_2026_01.csv
ORD000330,2026-01-12 11:00:00,2026-01,C0020,P028,3,269.1,0.0,807.3,807.3,Web,PAY000330,PromptPay,PAID,2026-01-12 11:50:00,True,False,orders_2026_01.csv
ORD000331,2026-01-24 02:37:00,2026-01,C0090,P035,1,24605.0,0.0,24605.0,24605.0,Marketplace,PAY000331,Credit Card,PAID,2026-01-24 04:21:00,True,False,orders_2026_01.csv
ORD000332,2026-01-23 04:50:00,2026-01,C0135,P003,2,25900.0,0.05,51800.0,49210.0,Marketplace,PAY000332,Bank Transfer,PAID,2026-01-23 05:08:00,True,False,orders_2026_01.csv
ORD000333,2026-01-20 03:21:00,2026-01,C0143,P011,2,25900.0,0.0,51800.0,51800.0,Web,PAY000333,PromptPay,PAID,2026-01-20 05:27:00,True,False,orders_2026_01.csv
ORD000334,2026-01-03 11:55:00,2026-01,C0090,P021,1,24605.0,0.1,24605.0,22144.5,Mobile App,PAY000334,Credit Card,PAID,2026-01-03 14:23:00,True,False,orders_2026_01.csv
ORD000335,2026-01-18 07:01:00,2026-01,C0114,P019,2,3990.0,0.0,7980.0,7980.0,Web,PAY000335,Bank Transfer,PAID,2026-01-18 08:42:00,True,False,orders_2026_01.csv
ORD000336,2026-01-27 00:17:00,2026-01,C0058,P021,2,24605.0,0.0,49210.0,49210.0,Marketplace,PAY000336,Bank Transfer,PAID,2026-01-27 01:36:00,True,False,orders_2026_01.csv
ORD000337,2026-01-16 00:09:00,2026-01,C0061,P019,1,3990.0,0.1,3990.0,3591.0,Mobile App,PAY000337,Credit Card,PAID,2026-01-16 00:35:00,True,False,orders_2026_01.csv
ORD000338,2026-01-27 15:41:00,2026-01,C0036,P024,2,313.95,0.0,627.9,627.9,Marketplace,PAY000338,Bank Transfer,PAID,2026-01-27 17:48:00,True,False,orders_2026_01.csv
ORD000339,2026-01-24 07:46:00,2026-01,C0140,P003,2,24605.0,0.0,49210.0,49210.0,Web,PAY000339,PromptPay,PAID,2026-01-24 08:27:00,True,False,orders_2026_01.csv
ORD000340,2026-01-21 07:12:00,2026-01,C0040,P005,3,313.95,0.0,941.85,941.85,Mobile App,PAY000340,Bank Transfer,PAID,2026-01-21 09:33:00,True,False,orders_2026_01.csv
ORD000341,2026-01-24 01:27:00,2026-01,C0159,P012,1,891.0,0.0,891.0,891.0,Marketplace,PAY000341,Bank Transfer,PAID,2026-01-24 03:27:00,True,False,orders_2026_01.csv
ORD000342,2026-01-26 00:15:00,2026-01,C0029,P036,3,299.0,0.1,897.0,807.3,Web,PAY000342,PromptPay,PAID,2026-01-26 01:32:00,True,False,orders_2026_01.csv
ORD000343,2026-01-24 15:07:00,2026-01,C0008,P033,4,12900.0,0.0,51600.0,51600.0,Mobile App,PAY000343,PromptPay,PAID,2026-01-24 15:32:00,True,False,orders_2026_01.csv
ORD000344,2026-01-03 07:19:00,2026-01,C0140,P032,4,23310.0,0.0,93240.0,93240.0,Marketplace,PAY000344,PromptPay,PAID,2026-01-03 08:00:00,True,False,orders_2026_01.csv
ORD000345,2026-01-06 18:55:00,2026-01,C0129,P012,1,940.5,0.0,940.5,940.5,Web,PAY000345,Bank Transfer,PAID,2026-01-06 20:15:00,True,False,orders_2026_01.csv
ORD000346,2026-01-17 20:22:00,2026-01,C0018,P021,4,24605.0,0.0,98420.0,98420.0,Web,PAY000346,Bank Transfer,PAID,2026-01-17 21:14:00,True,False,orders_2026_01.csv
ORD000347,2026-01-02 23:31:00,2026-01,C0145,P037,1,25900.0,0.0,25900.0,25900.0,Mobile App,PAY000347,Credit Card,REFUNDED,2026-01-03 02:03:00,False,False,orders_2026_01.csv
ORD000348,2026-01-08 09:01:00,2026-01,C0079,P010,4,891.0,0.0,3564.0,3564.0,Marketplace,PAY000348,Credit Card,PAID,2026-01-08 10:08:00,True,False,orders_2026_01.csv
ORD000349,2026-01-13 15:09:00,2026-01,C0011,P027,4,23310.0,0.1,93240.0,83916.0,Mobile App,PAY000349,Bank Transfer,PAID,2026-01-13 16:38:00,True,False,orders_2026_01.csv
ORD000350,2026-01-11 09:57:00,2026-01,C0155,P024,2,269.1,0.05,538.2,511.29,Mobile App,PAY000350,Credit Card,PAID,2026-01-11 11:09:00,True,False,orders_2026_01.csv
ORD000351,2026-01-17 17:41:00,2026-01,C0119,P030,2,499.0,0.0,998.0,998.0,Marketplace,PAY000351,Credit Card,PAID,2026-01-17 18:25:00,True,False,orders_2026_01.csv
ORD000352,2026-01-21 13:44:00,2026-01,C0076,P022,1,449.1,0.05,449.1,426.64,Marketplace,PAY000352,Bank Transfer,PAID,2026-01-21 14:08:00,True,False,orders_2026_01.csv
ORD000353,2026-01-22 13:13:00,2026-01,C0032,P006,1,299.0,0.0,299.0,299.0,Marketplace,PAY000353,Bank Transfer,PAID,2026-01-22 15:41:00,True,False,orders_2026_01.csv
ORD000354,2026-01-19 08:37:00,2026-01,C0032,P023,1,299.0,0.0,299.0,299.0,Marketplace,PAY000354,Bank Transfer,PAID,2026-01-19 10:06:00,True,False,orders_2026_01.csv
ORD000355,2026-01-10 07:21:00,2026-01,C0112,P016,1,1564.5,0.0,1564.5,1564.5,Marketplace,PAY000355,Bank Transfer,PAID,2026-01-10 07:25:00,True,False,orders_2026_01.csv
ORD000356,2026-01-02 23:47:00,2026-01,C0158,P016,2,1564.5,0.05,3129.0,2972.55,Marketplace,PAY000356,Credit Card,PAID,2026-01-03 01:50:00,True,False,orders_2026_01.csv
ORD000357,2026-01-18 15:19:00,2026-01,C0087,P020,2,449.1,0.05,898.2,853.29,Marketplace,PAY000357,Credit Card,PAID,2026-01-18 17:51:00,True,False,orders_2026_01.csv
ORD000358,2026-01-05 18:00:00,2026-01,C0063,P002,4,1415.5,0.1,5662.0,5095.8,Mobile App,PAY000358,Credit Card,PAID,2026-01-05 18:03:00,True,False,orders_2026_01.csv
ORD000359,2026-01-14 22:16:00,2026-01,C0151,P016,1,1564.5,0.0,1564.5,1564.5,Marketplace,PAY000359,Bank Transfer,PAID,2026-01-14 22:52:00,True,False,orders_2026_01.csv
ORD000360,2026-01-24 07:27:00,2026-01,C0009,P015,2,269.1,0.0,538.2,538.2,Marketplace,PAY000360,Credit Card,PAID,2026-01-24 09:45:00,True,False,orders_2026_01.csv
ORD000361,2026-02-19 02:59:00,2026-02,C0124,P019,1,4189.5,0.05,4189.5,3980.02,Web,PAY000361,Bank Transfer,PAID,2026-02-19 05:29:00,True,False,orders_2026_02.csv
ORD000362,2026-02-20 07:33:00,2026-02,C0072,P039,2,940.5,0.05,1881.0,1786.95,Web,PAY000362,PromptPay,PAID,2026-02-20 08:35:00,True,False,orders_2026_02.csv
ORD000363,2026-02-08 06:17:00,2026-02,C0136,P014,2,940.5,0.05,1881.0,1786.95,Mobile App,PAY000363,PromptPay,PAID,2026-02-08 08:22:00,True,False,orders_2026_02.csv
ORD000364,2026-02-16 06:58:00,2026-02,C0077,P038,2,12900.0,0.0,25800.0,25800.0,Web,PAY000364,Credit Card,PAID,2026-02-16 07:47:00,True,False,orders_2026_02.csv
ORD000365,2026-02-23 13:30:00,2026-02,C0139,P004,2,1490.0,0.0,2980.0,2980.0,Marketplace,PAY000365,Credit Card,PAID,2026-02-23 13:35:00,True,False,orders_2026_02.csv
ORD000366,2026-02-14 20:28:00,2026-02,C0088,P004,1,1490.0,0.0,1490.0,1490.0,Marketplace,PAY000366,Credit Card,PAID,2026-02-14 20:32:00,True,False,orders_2026_02.csv
ORD000367,2026-02-10 16:53:00,2026-02,C0161,P040,3,4189.5,0.05,12568.5,11940.08,Marketplace,PAY000367,Bank Transfer,PAID,2026-02-10 18:47:00,True,False,orders_2026_02.csv
ORD000369,2026-02-22 01:54:00,2026-02,C0037,P033,3,13545.0,0.0,40635.0,40635.0,Mobile App,PAY000369,Credit Card,PAID,2026-02-22 03:25:00,True,False,orders_2026_02.csv
ORD000370,2026-02-05 13:06:00,2026-02,C0050,P006,2,284.05,0.05,568.1,539.7,Marketplace,PAY000370,PromptPay,PAID,2026-02-05 15:17:00,True,False,orders_2026_02.csv
ORD000371,2026-02-06 02:30:00,2026-02,C0155,P029,4,3990.0,0.0,15960.0,15960.0,Web,PAY000371,PromptPay,PAID,2026-02-06 05:03:00,True,False,orders_2026_02.csv
ORD000372,2026-02-03 18:30:00,2026-02,C0096,P025,2,27195.0,0.1,54390.0,48951.0,Mobile App,PAY000372,Bank Transfer,PAID,2026-02-03 20:56:00,True,False,orders_2026_02.csv
ORD000373,2026-02-05 22:22:00,2026-02,C0081,P028,1,269.1,0.05,269.1,255.64,Marketplace,PAY000373,Credit Card,PAID,2026-02-05 23:00:00,True,False,orders_2026_02.csv
ORD000374,2026-02-12 03:57:00,2026-02,C0101,P040,1,3591.0,0.0,3591.0,3591.0,Web,PAY000374,Credit Card,PAID,2026-02-12 05:01:00,True,False,orders_2026_02.csv
ORD000375,2026-02-16 10:59:00,2026-02,C0034,P008,1,474.05,0.05,474.05,450.35,Web,PAY000375,PromptPay,PAID,2026-02-16 11:10:00,True,False,orders_2026_02.csv
ORD000376,2026-02-26 11:51:00,2026-02,C0155,P027,4,27195.0,0.0,108780.0,108780.0,Mobile App,PAY000376,Credit Card,PAID,2026-02-26 13:45:00,True,False,orders_2026_02.csv
ORD000377,2026-02-18 10:54:00,2026-02,C0114,P014,1,891.0,0.0,891.0,891.0,Web,PAY000377,PromptPay,PAID,2026-02-18 13:06:00,True,False,orders_2026_02.csv
ORD000378,2026-02-03 18:47:00,2026-02,C0118,P002,4,1415.5,0.1,5662.0,5095.8,Marketplace,PAY000378,Credit Card,PAID,2026-02-03 21:18:00,True,False,orders_2026_02.csv
ORD000379,2026-02-26 21:04:00,2026-02,C0002,P010,1,1039.5,0.05,1039.5,987.52,Mobile App,PAY000379,Credit Card,PAID,2026-02-26 23:45:00,True,False,orders_2026_02.csv
ORD000380,2026-02-04 17:51:00,2026-02,C0045,P026,3,11610.0,0.05,34830.0,33088.5,Web,PAY000380,PromptPay,PAID,2026-02-04 18:14:00,True,False,orders_2026_02.csv
ORD000381,2026-02-09 10:43:00,2026-02,C0077,P007,1,24605.0,0.0,24605.0,24605.0,Mobile App,PAY000381,Bank Transfer,PAID,2026-02-09 13:34:00,True,False,orders_2026_02.csv
ORD000382,2026-02-09 09:31:00,2026-02,C0155,P999,3,4189.5,0.05,12568.5,11940.08,Web,PAY000382,Credit Card,PAID,2026-02-09 12:08:00,True,False,orders_2026_02.csv
ORD000383,2026-02-11 01:20:00,2026-02,C0022,P026,4,12255.0,0.0,49020.0,49020.0,Marketplace,PAY000383,Bank Transfer,REFUNDED,2026-02-11 01:31:00,False,False,orders_2026_02.csv
ORD000384,2026-02-14 07:10:00,2026-02,C0013,P038,1,13545.0,0.05,13545.0,12867.75,Marketplace,PAY000384,PromptPay,PAID,2026-02-14 07:53:00,True,False,orders_2026_02.csv
ORD000385,2026-02-12 03:57:00,2026-02,C0089,P028,4,299.0,0.0,1196.0,1196.0,Web,PAY000385,Credit Card,PAID,2026-02-12 06:23:00,True,False,orders_2026_02.csv
ORD000386,2026-02-20 14:00:00,2026-02,C0156,P016,1,1341.0,0.1,1341.0,1206.9,Web,PAY000386,Bank Transfer,FAILED,2026-02-20 14:51:00,False,False,orders_2026_02.csv
ORD000387,2026-02-12 10:15:00,2026-02,C0071,P028,4,313.95,0.0,1255.8,1255.8,Marketplace,PAY000387,Bank Transfer,PAID,2026-02-12 11:47:00,True,False,orders_2026_02.csv
ORD000388,2026-02-22 14:44:00,2026-02,C0100,P018,2,3591.0,0.0,7182.0,7182.0,Web,PAY000388,Credit Card,PAID,2026-02-22 17:25:00,True,False,orders_2026_02.csv
ORD000389,2026-02-15 15:29:00,2026-02,C0051,P032,2,25900.0,0.0,51800.0,51800.0,Marketplace,PAY000389,Credit Card,PAID,2026-02-15 18:16:00,True,False,orders_2026_02.csv
ORD000390,2026-02-04 07:56:00,2026-02,C0159,P026,3,11610.0,0.0,34830.0,34830.0,Mobile App,PAY000390,Bank Transfer,PAID,2026-02-04 09:09:00,True,False,orders_2026_02.csv
ORD000391,2026-02-18 08:58:00,2026-02,C0101,P020,2,449.1,0.0,898.2,898.2,Mobile App,PAY000391,Credit Card,PAID,2026-02-18 09:31:00,True,False,orders_2026_02.csv
ORD000392,2026-02-26 06:39:00,2026-02,C0107,P023,1,269.1,0.0,269.1,269.1,Mobile App,PAY000392,Credit Card,PAID,2026-02-26 08:14:00,True,False,orders_2026_02.csv
ORD000393,2026-02-08 21:28:00,2026-02,C0075,P022,1,449.1,0.0,449.1,449.1,Marketplace,PAY000393,Credit Card,FAILED,2026-02-09 00:05:00,False,False,orders_2026_02.csv
ORD000394,2026-02-06 06:54:00,2026-02,C0015,P007,2,24605.0,0.1,49210.0,44289.0,Web,PAY000394,Bank Transfer,PAID,2026-02-06 09:38:00,True,False,orders_2026_02.csv
ORD000395,2026-02-12 15:38:00,2026-02,C0008,P020,1,499.0,0.0,499.0,499.0,Web,PAY000395,Bank Transfer,PAID,2026-02-12 15:41:00,True,False,orders_2026_02.csv
ORD000396,2026-02-13 07:26:00,2026-02,C0019,P026,3,12900.0,0.1,38700.0,34830.0,Marketplace,PAY000396,Credit Card,FAILED,2026-02-13 08:27:00,False,False,orders_2026_02.csv
ORD000397,2026-02-06 11:40:00,2026-02,C0015,P040,2,3990.0,0.1,7980.0,7182.0,Marketplace,PAY000397,PromptPay,PAID,2026-02-06 12:31:00,True,False,orders_2026_02.csv
ORD000398,2026-02-20 16:01:00,2026-02,C0095,P040,2,3990.0,0.0,7980.0,7980.0,Marketplace,PAY000398,Credit Card,PAID,2026-02-20 17:09:00,True,False,orders_2026_02.csv
ORD000399,2026-02-12 11:47:00,2026-02,C0102,P026,2,12900.0,0.0,25800.0,25800.0,Mobile App,PAY000399,Bank Transfer,FAILED,2026-02-12 12:21:00,False,False,orders_2026_02.csv
ORD000400,2026-02-19 15:10:00,2026-02,C0078,P035,4,27195.0,0.0,108780.0,108780.0,Web,PAY000400,PromptPay,PAID,2026-02-19 17:01:00,True,False,orders_2026_02.csv
ORD000401,2026-02-16 16:25:00,2026-02,C0085,P013,3,499.0,0.1,1497.0,1347.3,Marketplace,PAY000401,Bank Transfer,PAID,2026-02-16 18:28:00,True,False,orders_2026_02.csv
ORD000402,2026-02-16 20:27:00,2026-02,C0084,P030,1,523.95,0.05,523.95,497.75,Web,PAY000402,PromptPay,PAID,2026-02-16 23:00:00,True,False,orders_2026_02.csv
ORD000403,2026-02-17 06:30:00,2026-02,C0107,P031,1,1490.0,0.0,1490.0,1490.0,Mobile App,PAY000403,Credit Card,PAID,2026-02-17 08:01:00,True,False,orders_2026_02.csv
ORD000404,2026-02-11 18:58:00,2026-02,C0100,P009,1,299.0,0.1,299.0,269.1,Marketplace,PAY000404,Credit Card,PAID,2026-02-11 19:53:00,True,True,orders_2026_02.csv
ORD000405,2026-02-27 09:47:00,2026-02,C0070,P001,1,299.0,0.0,299.0,299.0,Marketplace,PAY000405,PromptPay,PAID,2026-02-27 10:57:00,True,False,orders_2026_02.csv
ORD000406,2026-02-04 00:37:00,2026-02,C0144,P035,3,23310.0,0.0,69930.0,69930.0,Web,PAY000406,Credit Card,PAID,2026-02-04 01:48:00,True,False,orders_2026_02.csv
ORD000407,2026-02-28 08:21:00,2026-02,C0100,P027,4,23310.0,0.1,93240.0,83916.0,Web,PAY000407,PromptPay,PAID,2026-02-28 11:09:00,True,False,orders_2026_02.csv
ORD000408,2026-02-27 20:30:00,2026-02,C0047,P032,2,25900.0,0.05,51800.0,49210.0,Marketplace,PAY000408,PromptPay,PAID,2026-02-27 20:36:00,True,False,orders_2026_02.csv
ORD000409,2026-02-17 18:03:00,2026-02,C0071,P035,3,27195.0,0.0,81585.0,81585.0,Mobile App,PAY000409,Credit Card,PAID,2026-02-17 18:22:00,True,False,orders_2026_02.csv
ORD000410,2026-02-19 17:45:00,2026-02,C0162,P004,3,1490.0,0.0,4470.0,4470.0,Mobile App,PAY000410,Credit Card,PAID,2026-02-19 20:14:00,True,False,orders_2026_02.csv
ORD000411,2026-02-10 01:56:00,2026-02,C0030,P025,1,25900.0,0.0,25900.0,25900.0,Mobile App,PAY000411,Credit Card,PAID,2026-02-10 04:29:00,True,False,orders_2026_02.csv
ORD000412,2026-02-11 23:14:00,2026-02,C0088,P025,2,25900.0,0.0,51800.0,51800.0,Web,PAY000412,Credit Card,PAID,2026-02-12 02:03:00,True,False,orders_2026_02.csv
ORD000413,2026-02-12 05:32:00,2026-02,C0125,P005,2,313.95,0.0,627.9,627.9,Web,PAY000413,Bank Transfer,PAID,2026-02-12 07:20:00,True,False,orders_2026_02.csv
ORD000414,2026-02-18 15:53:00,2026-02,C0072,P019,1,3591.0,0.0,3591.0,3591.0,Web,PAY000414,Credit Card,PAID,2026-02-18 17:19:00,True,False,orders_2026_02.csv
ORD000415,2026-02-15 12:42:00,2026-02,C0007,P037,4,24605.0,0.0,98420.0,98420.0,Marketplace,PAY000415,Credit Card,PAID,2026-02-15 13:09:00,True,False,orders_2026_02.csv
ORD000416,2026-02-06 05:45:00,2026-02,C0109,P023,2,299.0,0.0,598.0,598.0,Mobile App,PAY000416,Bank Transfer,PAID,2026-02-06 07:35:00,True,False,orders_2026_02.csv
ORD000417,2026-02-26 00:25:00,2026-02,C0075,P013,1,474.05,0.0,474.05,474.05,Web,PAY000417,Credit Card,FAILED,2026-02-26 00:38:00,False,False,orders_2026_02.csv
ORD000418,2026-02-26 17:39:00,2026-02,C0097,P018,2,3790.5,0.05,7581.0,7201.95,Marketplace,PAY000418,Credit Card,PAID,2026-02-26 19:56:00,True,False,orders_2026_02.csv
ORD000419,2026-02-12 23:28:00,2026-02,C0015,P002,1,1341.0,0.1,1341.0,1206.9,Marketplace,PAY000419,Bank Transfer,PAID,2026-02-13 02:09:00,True,False,orders_2026_02.csv
ORD000420,2026-02-09 09:44:00,2026-02,C0056,P021,1,23310.0,0.1,23310.0,20979.0,Mobile App,PAY000420,Bank Transfer,PAID,2026-02-09 12:05:00,True,False,orders_2026_02.csv
ORD000421,2026-02-14 04:43:00,2026-02,C0160,P023,3,284.05,0.1,852.15,766.94,Marketplace,PAY000421,Bank Transfer,PAID,2026-02-14 06:37:00,True,False,orders_2026_02.csv
ORD000422,2026-02-27 13:36:00,2026-02,C0160,P001,3,299.0,0.0,897.0,897.0,Mobile App,PAY000422,PromptPay,PAID,2026-02-27 16:23:00,True,False,orders_2026_02.csv
ORD000423,2026-02-04 18:44:00,2026-02,C0047,P027,4,24605.0,0.0,98420.0,98420.0,Web,PAY000423,Bank Transfer,PAID,2026-02-04 21:21:00,True,False,orders_2026_02.csv
ORD000424,2026-02-19 22:35:00,2026-02,C0002,P007,1,24605.0,0.05,24605.0,23374.75,Web,PAY000424,Credit Card,PAID,2026-02-19 22:53:00,True,False,orders_2026_02.csv
ORD000425,2026-02-17 18:53:00,2026-02,C0145,P003,2,25900.0,0.0,51800.0,51800.0,Web,PAY000425,PromptPay,PAID,2026-02-17 21:34:00,True,False,orders_2026_02.csv
ORD000426,2026-02-25 09:55:00,2026-02,C0043,P027,4,25900.0,0.0,103600.0,103600.0,Web,PAY000426,Credit Card,PAID,2026-02-25 11:08:00,True,False,orders_2026_02.csv
ORD000427,2026-02-24 02:11:00,2026-02,C0137,P027,1,23310.0,0.0,23310.0,23310.0,Mobile App,PAY000427,PromptPay,FAILED,2026-02-24 05:08:00,False,False,orders_2026_02.csv
ORD000428,2026-02-01 09:32:00,2026-02,C0036,P032,2,27195.0,0.0,54390.0,54390.0,Mobile App,PAY000428,Bank Transfer,PAID,2026-02-01 11:02:00,True,False,orders_2026_02.csv
ORD000429,2026-02-02 17:59:00,2026-02,C0036,P004,3,1490.0,0.0,4470.0,4470.0,Web,PAY000429,PromptPay,PAID,2026-02-02 20:32:00,True,False,orders_2026_02.csv
ORD000430,2026-02-19 16:43:00,2026-02,C0112,P037,4,25900.0,0.1,103600.0,93240.0,Mobile App,PAY000430,Bank Transfer,FAILED,2026-02-19 17:12:00,False,False,orders_2026_02.csv
ORD000431,2026-02-05 17:40:00,2026-02,C0017,P019,1,3790.5,0.1,3790.5,3411.45,Marketplace,PAY000431,Credit Card,PAID,2026-02-05 18:01:00,True,False,orders_2026_02.csv
ORD000432,2026-02-04 04:23:00,2026-02,C0119,P025,4,25900.0,0.0,103600.0,103600.0,Marketplace,PAY000432,PromptPay,PAID,2026-02-04 06:56:00,True,False,orders_2026_02.csv
ORD000433,2026-02-11 22:26:00,2026-02,C0043,P009,2,284.05,0.05,568.1,539.7,Mobile App,PAY000433,Bank Transfer,PAID,2026-02-11 23:59:00,True,False,orders_2026_02.csv
ORD000434,2026-02-23 16:44:00,2026-02,C0114,P025,1,25900.0,0.1,25900.0,23310.0,Mobile App,PAY000434,Bank Transfer,PAID,2026-02-23 19:04:00,True,False,orders_2026_02.csv
ORD000435,2026-02-13 04:16:00,2026-02,C0130,P010,2,891.0,0.05,1782.0,1692.9,Mobile App,PAY000435,PromptPay,PAID,2026-02-13 06:40:00,True,False,orders_2026_02.csv
ORD000436,2026-02-20 09:07:00,2026-02,C0154,P009,1,299.0,0.1,299.0,269.1,Marketplace,PAY000436,Bank Transfer,REFUNDED,2026-02-20 11:55:00,False,False,orders_2026_02.csv
ORD000437,2026-02-24 08:52:00,2026-02,C0059,P014,2,990.0,0.0,1980.0,1980.0,Web,PAY000437,PromptPay,PAID,2026-02-24 11:51:00,True,False,orders_2026_02.csv
ORD000438,2026-02-03 17:34:00,2026-02,C0106,P035,4,27195.0,0.0,108780.0,108780.0,Mobile App,PAY000438,Credit Card,REFUNDED,2026-02-03 19:53:00,False,False,orders_2026_02.csv
ORD000439,2026-02-20 02:29:00,2026-02,C0112,P002,3,1564.5,0.0,4693.5,4693.5,Mobile App,PAY000439,Credit Card,PAID,2026-02-20 05:19:00,True,False,orders_2026_02.csv
ORD000440,2026-02-22 17:06:00,2026-02,C0063,P008,2,449.1,0.0,898.2,898.2,Web,PAY000440,Credit Card,PAID,2026-02-22 18:29:00,True,False,orders_2026_02.csv
ORD000441,2026-02-22 07:08:00,2026-02,C0032,P024,1,299.0,0.0,299.0,299.0,Mobile App,PAY000441,Bank Transfer,PAID,2026-02-22 07:12:00,True,False,orders_2026_02.csv
ORD000442,2026-02-23 13:16:00,2026-02,C0105,P010,1,1039.5,0.1,1039.5,935.55,Marketplace,PAY000442,PromptPay,PAID,2026-02-23 14:37:00,True,False,orders_2026_02.csv
ORD000443,2026-02-19 19:44:00,2026-02,C0117,P003,4,24605.0,0.0,98420.0,98420.0,Web,PAY000443,PromptPay,PAID,2026-02-19 19:47:00,True,False,orders_2026_02.csv
ORD000444,2026-02-12 16:42:00,2026-02,C0030,P030,3,499.0,0.0,1497.0,1497.0,Marketplace,PAY000444,PromptPay,PAID,2026-02-12 17:48:00,True,False,orders_2026_02.csv
ORD000445,2026-02-10 13:38:00,2026-02,C0054,P025,1,24605.0,0.0,24605.0,24605.0,Mobile App,PAY000445,Bank Transfer,PAID,2026-02-10 14:36:00,True,False,orders_2026_02.csv
ORD000446,2026-02-09 12:07:00,2026-02,C0062,P012,1,990.0,0.0,990.0,990.0,Mobile App,PAY000446,Bank Transfer,PAID,2026-02-09 13:35:00,True,False,orders_2026_02.csv
ORD000447,2026-02-24 03:42:00,2026-02,C0085,P024,1,313.95,0.0,313.95,313.95,Mobile App,PAY000447,PromptPay,PAID,2026-02-24 03:49:00,True,False,orders_2026_02.csv
ORD000448,2026-02-15 13:01:00,2026-02,C0096,P004,2,1341.0,0.05,2682.0,2547.9,Web,PAY000448,PromptPay,PAID,2026-02-15 15:20:00,True,False,orders_2026_02.csv
ORD000449,2026-02-27 08:06:00,2026-02,C0038,P031,3,1341.0,0.0,4023.0,4023.0,Web,PAY000449,Credit Card,PAID,2026-02-27 08:23:00,True,False,orders_2026_02.csv
ORD000450,2026-02-08 18:36:00,2026-02,C0037,P011,1,25900.0,0.0,25900.0,25900.0,Marketplace,PAY000450,Credit Card,PAID,2026-02-08 20:03:00,True,False,orders_2026_02.csv
ORD000451,2026-02-15 01:08:00,2026-02,C0028,P032,4,27195.0,0.05,108780.0,103341.0,Marketplace,PAY000451,Bank Transfer,PAID,2026-02-15 03:31:00,True,False,orders_2026_02.csv
ORD000452,2026-02-12 08:11:00,2026-02,C0022,P005,4,299.0,0.0,1196.0,1196.0,Mobile App,PAY000452,Credit Card,PAID,2026-02-12 11:02:00,True,False,orders_2026_02.csv
ORD000453,2026-02-02 03:17:00,2026-02,C0105,P040,3,3990.0,0.05,11970.0,11371.5,Web,PAY000453,PromptPay,PAID,2026-02-02 05:28:00,True,False,orders_2026_02.csv
ORD000454,2026-02-17 21:52:00,2026-02,C0087,P011,1,27195.0,0.05,27195.0,25835.25,Mobile App,PAY000454,Bank Transfer,PAID,2026-02-17 23:01:00,True,False,orders_2026_02.csv
ORD000455,2026-02-16 21:58:00,2026-02,C0052,P022,3,523.95,0.0,1571.85,1571.85,Web,PAY000455,Credit Card,REFUNDED,2026-02-16 22:02:00,False,False,orders_2026_02.csv
ORD000456,2026-02-19 18:32:00,2026-02,C0155,P039,3,990.0,0.1,2970.0,2673.0,Web,PAY000456,Bank Transfer,PAID,2026-02-19 19:21:00,True,False,orders_2026_02.csv
ORD000457,2026-02-10 13:06:00,2026-02,C0164,P032,1,25900.0,0.1,25900.0,23310.0,Marketplace,PAY000457,PromptPay,PAID,2026-02-10 13:18:00,True,False,orders_2026_02.csv
ORD000458,2026-02-12 13:21:00,2026-02,C0097,P040,3,3790.5,0.0,11371.5,11371.5,Web,PAY000458,Bank Transfer,REFUNDED,2026-02-12 14:59:00,False,False,orders_2026_02.csv
ORD000459,2026-02-24 08:54:00,2026-02,C0070,P036,3,299.0,0.1,897.0,807.3,Mobile App,PAY000459,Credit Card,FAILED,2026-02-24 11:23:00,False,False,orders_2026_02.csv
ORD000460,2026-02-17 04:59:00,2026-02,C0040,P011,3,27195.0,0.0,81585.0,81585.0,Mobile App,PAY000460,Bank Transfer,PAID,2026-02-17 05:29:00,True,False,orders_2026_02.csv
ORD000461,2026-02-12 00:01:00,2026-02,C0143,P015,2,299.0,0.1,598.0,538.2,Mobile App,PAY000461,PromptPay,PAID,2026-02-12 01:41:00,True,False,orders_2026_02.csv
ORD000462,2026-02-28 03:21:00,2026-02,C0077,P003,2,25900.0,0.05,51800.0,49210.0,Mobile App,PAY000462,Bank Transfer,PAID,2026-02-28 03:51:00,True,False,orders_2026_02.csv
ORD000463,2026-02-20 13:20:00,2026-02,C0062,P030,4,523.95,0.0,2095.8,2095.8,Marketplace,PAY000463,PromptPay,PAID,2026-02-20 14:06:00,True,False,orders_2026_02.csv
ORD000464,2026-02-21 08:29:00,2026-02,C0161,P017,1,1039.5,0.1,1039.5,935.55,Web,PAY000464,PromptPay,PAID,2026-02-21 09:32:00,True,False,orders_2026_02.csv
ORD000465,2026-02-12 07:50:00,2026-02,C0002,P011,1,27195.0,0.1,27195.0,24475.5,Mobile App,PAY000465,PromptPay,PAID,2026-02-12 09:18:00,True,False,orders_2026_02.csv
ORD000466,2026-02-17 18:53:00,2026-02,C0044,P004,1,1341.0,0.0,1341.0,1341.0,Mobile App,PAY000466,Bank Transfer,PAID,2026-02-17 19:26:00,True,False,orders_2026_02.csv
ORD000467,2026-02-26 11:09:00,2026-02,C0117,P017,4,990.0,0.1,3960.0,3564.0,Mobile App,PAY000467,PromptPay,PAID,2026-02-26 13:26:00,True,False,orders_2026_02.csv
ORD000468,2026-02-15 08:18:00,2026-02,C0125,P008,1,449.1,0.0,449.1,449.1,Mobile App,PAY000468,Credit Card,FAILED,2026-02-15 09:00:00,False,False,orders_2026_02.csv
ORD000469,2026-02-20 23:00:00,2026-02,C0033,P004,4,1415.5,0.05,5662.0,5378.9,Marketplace,PAY000469,Bank Transfer,PAID,2026-02-21 00:18:00,True,False,orders_2026_02.csv
ORD000470,2026-02-21 21:44:00,2026-02,C0076,P004,2,1415.5,0.0,2831.0,2831.0,Mobile App,PAY000470,Credit Card,PAID,2026-02-22 00:16:00,True,False,orders_2026_02.csv
ORD000471,2026-02-13 13:59:00,2026-02,C0068,P032,4,27195.0,0.0,108780.0,108780.0,Web,PAY000471,PromptPay,PAID,2026-02-13 14:43:00,True,False,orders_2026_02.csv
ORD000472,2026-02-06 07:32:00,2026-02,C0155,P017,2,1039.5,0.1,2079.0,1871.1,Mobile App,PAY000472,Credit Card,PAID,2026-02-06 09:03:00,True,False,orders_2026_02.csv
ORD000473,2026-02-06 17:53:00,2026-02,C0059,P005,1,299.0,0.0,299.0,299.0,Marketplace,PAY000473,Credit Card,PAID,2026-02-06 19:42:00,True,False,orders_2026_02.csv
ORD000474,2026-02-05 22:44:00,2026-02,C0008,P019,1,4189.5,0.0,4189.5,4189.5,Web,PAY000474,PromptPay,PAID,2026-02-05 23:58:00,True,False,orders_2026_02.csv
ORD000475,2026-02-15 05:43:00,2026-02,C0085,P018,2,3790.5,0.0,7581.0,7581.0,Web,PAY000475,Credit Card,PAID,2026-02-15 07:58:00,True,False,orders_2026_02.csv
ORD000476,2026-02-10 18:54:00,2026-02,C0006,P018,1,4189.5,0.0,4189.5,4189.5,Mobile App,PAY000476,PromptPay,PAID,2026-02-10 21:18:00,True,False,orders_2026_02.csv
ORD000477,2026-02-28 08:44:00,2026-02,C0092,P031,3,1341.0,0.0,4023.0,4023.0,Marketplace,PAY000477,Credit Card,PAID,2026-02-28 11:14:00,True,False,orders_2026_02.csv
ORD000478,2026-02-18 15:30:00,2026-02,C0097,P038,4,12900.0,0.0,51600.0,51600.0,Web,PAY000478,Credit Card,PAID,2026-02-18 15:59:00,True,False,orders_2026_02.csv
ORD000479,2026-02-22 17:01:00,2026-02,C0013,P009,1,269.1,0.0,269.1,269.1,Mobile App,PAY000479,Credit Card,PAID,2026-02-22 17:26:00,True,False,orders_2026_02.csv
ORD000480,2026-02-16 08:07:00,2026-02,C0029,P018,1,3790.5,0.0,3790.5,3790.5,Mobile App,PAY000480,Credit Card,PAID,2026-02-16 09:11:00,True,False,orders_2026_02.csv
ORD000481,2026-02-25 14:58:00,2026-02,C0052,P034,1,299.0,0.0,299.0,299.0,Web,PAY000481,PromptPay,PAID,2026-02-25 17:06:00,True,False,orders_2026_02.csv
ORD000482,2026-02-28 09:31:00,2026-02,C0036,P038,1,13545.0,0.0,13545.0,13545.0,Web,PAY000482,Credit Card,PAID,2026-02-28 10:00:00,True,False,orders_2026_02.csv
ORD000483,2026-02-04 18:05:00,2026-02,C0010,P037,2,25900.0,0.0,51800.0,51800.0,Marketplace,PAY000483,PromptPay,PAID,2026-02-04 19:05:00,True,False,orders_2026_02.csv
ORD000484,2026-02-01 01:38:00,2026-02,C0048,P016,1,1564.5,0.0,1564.5,1564.5,Marketplace,PAY000484,Bank Transfer,PAID,2026-02-01 02:25:00,True,False,orders_2026_02.csv
ORD000485,2026-02-23 04:34:00,2026-02,C0095,P017,4,891.0,0.0,3564.0,3564.0,Web,PAY000485,PromptPay,PAID,2026-02-23 05:43:00,True,False,orders_2026_02.csv
ORD000486,2026-02-02 16:24:00,2026-02,C0141,P021,2,23310.0,0.0,46620.0,46620.0,Mobile App,PAY000486,Credit Card,FAILED,2026-02-02 17:25:00,False,False,orders_2026_02.csv
ORD000487,2026-02-03 22:11:00,2026-02,C0092,P010,1,990.0,0.0,990.0,990.0,Mobile App,PAY000487,PromptPay,PAID,2026-02-03 23:18:00,True,False,orders_2026_02.csv
ORD000488,2026-02-21 22:27:00,2026-02,C0073,P037,4,27195.0,0.0,108780.0,108780.0,Web,PAY000488,Credit Card,FAILED,2026-02-22 00:35:00,False,False,orders_2026_02.csv
ORD000489,2026-02-21 22:56:00,2026-02,C0103,P010,1,990.0,0.0,990.0,990.0,Web,PAY000489,PromptPay,PAID,2026-02-21 23:12:00,True,False,orders_2026_02.csv
ORD000490,2026-02-05 06:12:00,2026-02,C0067,P028,1,299.0,0.0,299.0,299.0,Web,PAY000490,PromptPay,PAID,2026-02-05 09:10:00,True,False,orders_2026_02.csv
ORD000491,2026-02-03 19:24:00,2026-02,C0090,P026,1,12255.0,0.05,12255.0,11642.25,Web,PAY000491,PromptPay,FAILED,2026-02-03 21:22:00,False,False,orders_2026_02.csv
ORD000492,2026-02-18 23:25:00,2026-02,C0105,P014,1,990.0,0.0,990.0,990.0,Marketplace,PAY000492,PromptPay,PAID,2026-02-19 01:29:00,True,False,orders_2026_02.csv
ORD000493,2026-02-24 06:43:00,2026-02,C0140,P022,4,499.0,0.0,1996.0,1996.0,Web,PAY000493,Bank Transfer,PAID,2026-02-24 08:59:00,True,False,orders_2026_02.csv
ORD000494,2026-02-21 18:46:00,2026-02,C0091,P025,1,24605.0,0.0,24605.0,24605.0,Marketplace,PAY000494,Bank Transfer,PAID,2026-02-21 20:31:00,True,False,orders_2026_02.csv
ORD000495,2026-02-01 10:05:00,2026-02,C0016,P016,2,1490.0,0.05,2980.0,2831.0,Web,PAY000495,Bank Transfer,PAID,2026-02-01 12:28:00,True,False,orders_2026_02.csv
ORD000496,2026-02-08 04:50:00,2026-02,C0007,P022,4,499.0,0.1,1996.0,1796.4,Web,PAY000496,Credit Card,PAID,2026-02-08 06:57:00,True,False,orders_2026_02.csv
ORD000497,2026-02-24 17:26:00,2026-02,C0138,P028,1,269.1,0.1,269.1,242.19,Marketplace,PAY000497,PromptPay,FAILED,2026-02-24 19:35:00,False,False,orders_2026_02.csv
ORD000498,2026-02-06 11:28:00,2026-02,C0047,P003,2,24605.0,0.0,49210.0,49210.0,Marketplace,PAY000498,Credit Card,PAID,2026-02-06 12:55:00,True,False,orders_2026_02.csv
ORD000499,2026-02-07 15:12:00,2026-02,C0157,P024,1,269.1,0.0,269.1,269.1,Mobile App,PAY000499,Credit Card,PAID,2026-02-07 18:08:00,True,False,orders_2026_02.csv
ORD000500,2026-02-12 10:25:00,2026-02,C0106,P031,4,1490.0,0.1,5960.0,5364.0,Web,PAY000500,PromptPay,FAILED,2026-02-12 12:58:00,False,False,orders_2026_02.csv
ORD000501,2026-02-27 02:25:00,2026-02,C0024,P001,1,284.05,0.0,284.05,284.05,Marketplace,PAY000501,Credit Card,PAID,2026-02-27 03:05:00,True,False,orders_2026_02.csv
ORD000502,2026-02-19 12:08:00,2026-02,C0013,P040,1,3591.0,0.1,3591.0,3231.9,Mobile App,PAY000502,PromptPay,PAID,2026-02-19 13:32:00,True,False,orders_2026_02.csv
ORD000503,2026-02-10 11:55:00,2026-02,C0022,P030,4,474.05,0.0,1896.2,1896.2,Mobile App,PAY000503,Credit Card,PAID,2026-02-10 13:59:00,True,False,orders_2026_02.csv
ORD000504,2026-02-18 05:44:00,2026-02,C0091,P005,2,313.95,0.0,627.9,627.9,Mobile App,PAY000504,Bank Transfer,PAID,2026-02-18 08:14:00,True,False,orders_2026_02.csv
ORD000505,2026-02-02 01:42:00,2026-02,C0148,P031,1,1341.0,0.0,1341.0,1341.0,Web,PAY000505,PromptPay,PAID,2026-02-02 04:01:00,True,False,orders_2026_02.csv
ORD000506,2026-02-19 13:26:00,2026-02,C0153,P007,2,27195.0,0.0,54390.0,54390.0,Mobile App,PAY000506,PromptPay,PAID,2026-02-19 15:34:00,True,False,orders_2026_02.csv
ORD000507,2026-02-24 12:52:00,2026-02,C0126,P011,1,25900.0,0.0,25900.0,25900.0,Web,PAY000507,PromptPay,PAID,2026-02-24 12:54:00,True,False,orders_2026_02.csv
ORD000508,2026-02-20 22:36:00,2026-02,C0129,P009,3,299.0,0.0,897.0,897.0,Mobile App,PAY000508,Bank Transfer,PAID,2026-02-21 01:11:00,True,False,orders_2026_02.csv
ORD000509,2026-02-18 03:24:00,2026-02,C0162,P029,4,3591.0,0.0,14364.0,14364.0,Marketplace,PAY000509,PromptPay,PAID,2026-02-18 04:13:00,True,False,orders_2026_02.csv
ORD000510,2026-02-10 22:52:00,2026-02,C0153,P010,4,1039.5,0.0,4158.0,4158.0,Web,PAY000510,PromptPay,PAID,2026-02-10 23:17:00,True,False,orders_2026_02.csv
ORD000511,2026-02-24 16:52:00,2026-02,C0106,P031,1,1490.0,0.1,1490.0,1341.0,Web,PAY000511,Bank Transfer,PAID,2026-02-24 17:18:00,True,False,orders_2026_02.csv
ORD000512,2026-02-10 17:11:00,2026-02,C0036,P017,4,1039.5,0.05,4158.0,3950.1,Mobile App,PAY000512,Credit Card,PAID,2026-02-10 18:03:00,True,False,orders_2026_02.csv
ORD000513,2026-02-25 01:56:00,2026-02,C0012,P022,1,474.05,0.0,474.05,474.05,Web,PAY000513,Bank Transfer,PAID,2026-02-25 02:57:00,True,False,orders_2026_02.csv
ORD000514,2026-02-03 09:09:00,2026-02,C0028,P023,3,313.95,0.05,941.85,894.76,Web,PAY000514,Credit Card,PAID,2026-02-03 10:51:00,True,False,orders_2026_02.csv
ORD000515,2026-02-02 13:51:00,2026-02,C0030,P012,3,990.0,0.1,2970.0,2673.0,Web,PAY000515,Bank Transfer,PAID,2026-02-02 16:29:00,True,False,orders_2026_02.csv
ORD000516,2026-02-11 03:07:00,2026-02,C0047,P002,2,1341.0,0.1,2682.0,2413.8,Mobile App,PAY000516,PromptPay,PAID,2026-02-11 04:55:00,True,False,orders_2026_02.csv
ORD000517,2026-02-01 04:57:00,2026-02,C0029,P003,3,25900.0,0.0,77700.0,77700.0,Marketplace,PAY000517,PromptPay,PAID,2026-02-01 07:07:00,True,False,orders_2026_02.csv
ORD000518,2026-02-05 13:30:00,2026-02,C0110,P015,1,299.0,0.0,299.0,299.0,Marketplace,PAY000518,Credit Card,PAID,2026-02-05 14:49:00,True,False,orders_2026_02.csv
ORD000519,2026-02-26 04:26:00,2026-02,C0012,P033,1,12900.0,0.0,12900.0,12900.0,Mobile App,PAY000519,Bank Transfer,PAID,2026-02-26 06:37:00,True,False,orders_2026_02.csv
ORD000520,2026-02-06 15:46:00,2026-02,C0114,P037,1,23310.0,0.1,23310.0,20979.0,Marketplace,PAY000520,Bank Transfer,PAID,2026-02-06 18:04:00,True,False,orders_2026_02.csv
ORD000521,2026-02-08 11:24:00,2026-02,C0020,P017,1,990.0,0.0,990.0,990.0,Marketplace,PAY000521,PromptPay,PAID,2026-02-08 11:39:00,True,False,orders_2026_02.csv
ORD000522,2026-02-03 16:16:00,2026-02,C0159,P002,2,1490.0,0.1,2980.0,2682.0,Mobile App,PAY000522,Bank Transfer,PAID,2026-02-03 18:43:00,True,False,orders_2026_02.csv
ORD000523,2026-02-13 06:28:00,2026-02,C0077,P032,2,25900.0,0.05,51800.0,49210.0,Marketplace,PAY000523,Bank Transfer,PAID,2026-02-13 07:08:00,True,False,orders_2026_02.csv
ORD000524,2026-02-21 20:40:00,2026-02,C0140,P011,1,25900.0,0.05,25900.0,24605.0,Mobile App,PAY000524,PromptPay,PAID,2026-02-21 21:30:00,True,False,orders_2026_02.csv
ORD000525,2026-02-06 05:17:00,2026-02,C0124,P040,1,3990.0,0.0,3990.0,3990.0,Marketplace,PAY000525,Credit Card,PAID,2026-02-06 07:54:00,True,False,orders_2026_02.csv
ORD000526,2026-02-23 05:53:00,2026-02,C0140,P007,1,25900.0,0.0,25900.0,25900.0,Web,PAY000526,Bank Transfer,PAID,2026-02-23 07:06:00,True,False,orders_2026_02.csv
ORD000527,2026-02-27 01:27:00,2026-02,C0154,P036,3,313.95,0.1,941.85,847.66,Mobile App,PAY000527,Bank Transfer,FAILED,2026-02-27 02:07:00,False,False,orders_2026_02.csv
ORD000528,2026-02-12 17:29:00,2026-02,C0118,P030,2,499.0,0.05,998.0,948.1,Marketplace,PAY000528,Credit Card,PAID,2026-02-12 17:43:00,True,False,orders_2026_02.csv
ORD000529,2026-02-18 00:14:00,2026-02,C0071,P039,2,1039.5,0.05,2079.0,1975.05,Web,PAY000529,Bank Transfer,PAID,2026-02-18 03:14:00,True,False,orders_2026_02.csv
ORD000530,2026-02-06 08:19:00,2026-02,C0023,P036,1,299.0,0.0,299.0,299.0,Marketplace,PAY000530,PromptPay,PAID,2026-02-06 09:06:00,True,False,orders_2026_02.csv
ORD000531,2026-02-28 13:46:00,2026-02,C0009,P035,1,25900.0,0.1,25900.0,23310.0,Marketplace,PAY000531,Bank Transfer,PAID,2026-02-28 15:31:00,True,False,orders_2026_02.csv
ORD000532,2026-02-09 23:58:00,2026-02,C0135,P020,1,499.0,0.0,499.0,499.0,Mobile App,PAY000532,Bank Transfer,FAILED,2026-02-10 02:08:00,False,False,orders_2026_02.csv
ORD000533,2026-02-25 22:30:00,2026-02,C0117,P035,2,25900.0,0.1,51800.0,46620.0,Mobile App,PAY000533,Bank Transfer,PAID,2026-02-26 00:07:00,True,False,orders_2026_02.csv
ORD000534,2026-02-17 15:31:00,2026-02,C0134,P015,1,313.95,0.0,313.95,313.95,Marketplace,PAY000534,Bank Transfer,PAID,2026-02-17 16:22:00,True,False,orders_2026_02.csv
ORD000535,2026-02-05 23:37:00,2026-02,C0068,P018,1,3790.5,0.1,3790.5,3411.45,Mobile App,PAY000535,Credit Card,PAID,2026-02-06 02:27:00,True,False,orders_2026_02.csv
ORD000536,2026-02-03 06:33:00,2026-02,C0015,P013,2,499.0,0.0,998.0,998.0,Mobile App,PAY000536,Credit Card,PAID,2026-02-03 07:43:00,True,False,orders_2026_02.csv
ORD000537,2026-02-16 23:58:00,2026-02,C0073,P031,1,1490.0,0.05,1490.0,1415.5,Web,PAY000537,Credit Card,PAID,2026-02-17 01:55:00,True,False,orders_2026_02.csv
ORD000538,2026-02-20 19:01:00,2026-02,C0133,P015,3,269.1,0.1,807.3,726.57,Mobile App,PAY000538,Bank Transfer,PAID,2026-02-20 20:34:00,True,False,orders_2026_02.csv
ORD000539,2026-02-23 19:29:00,2026-02,C0003,P001,1,284.05,0.0,284.05,284.05,Marketplace,PAY000539,Bank Transfer,PAID,2026-02-23 20:24:00,True,False,orders_2026_02.csv
ORD000540,2026-02-14 08:20:00,2026-02,C0017,P029,1,3790.5,0.1,3790.5,3411.45,Marketplace,PAY000540,Bank Transfer,PAID,2026-02-14 08:44:00,True,False,orders_2026_02.csv
ORD000541,2026-02-10 16:41:00,2026-02,C0094,P030,1,499.0,0.0,499.0,499.0,Web,PAY000541,PromptPay,PAID,2026-02-10 17:08:00,True,False,orders_2026_02.csv
ORD000542,2026-02-15 18:56:00,2026-02,C0030,P021,1,27195.0,0.1,27195.0,24475.5,Marketplace,PAY000542,Bank Transfer,PAID,2026-02-15 21:18:00,True,False,orders_2026_02.csv
ORD000543,2026-02-23 13:02:00,2026-02,C0108,P022,4,449.1,0.0,1796.4,1796.4,Web,PAY000543,PromptPay,PAID,2026-02-23 15:46:00,True,False,orders_2026_02.csv
ORD000544,2026-02-21 01:50:00,2026-02,C0125,P022,1,499.0,0.0,499.0,499.0,Mobile App,PAY000544,Bank Transfer,PAID,2026-02-21 01:59:00,True,False,orders_2026_02.csv
ORD000545,2026-02-15 21:06:00,2026-02,C0148,P010,2,990.0,0.0,1980.0,1980.0,Marketplace,PAY000545,Bank Transfer,PAID,2026-02-15 23:59:00,True,False,orders_2026_02.csv
ORD000546,2026-02-13 10:01:00,2026-02,C0004,P016,1,1415.5,0.0,1415.5,1415.5,Marketplace,PAY000546,Credit Card,PAID,2026-02-13 12:28:00,True,False,orders_2026_02.csv
ORD000547,2026-02-08 07:16:00,2026-02,C0008,P039,1,940.5,0.0,940.5,940.5,Web,PAY000547,PromptPay,PAID,2026-02-08 09:07:00,True,False,orders_2026_02.csv
ORD000548,2026-02-25 01:20:00,2026-02,C0121,P007,1,24605.0,0.0,24605.0,24605.0,Mobile App,PAY000548,Credit Card,PAID,2026-02-25 02:01:00,True,False,orders_2026_02.csv
ORD000549,2026-02-17 10:45:00,2026-02,C0086,P004,2,1490.0,0.0,2980.0,2980.0,Marketplace,PAY000549,PromptPay,FAILED,2026-02-17 12:26:00,False,False,orders_2026_02.csv
ORD000550,2026-02-13 15:12:00,2026-02,C0164,P017,1,990.0,0.0,990.0,990.0,Mobile App,PAY000550,Credit Card,PAID,2026-02-13 16:08:00,True,False,orders_2026_02.csv
ORD000551,2026-02-10 16:42:00,2026-02,C0105,P005,2,313.95,0.1,627.9,565.11,Marketplace,PAY000551,Credit Card,PAID,2026-02-10 17:37:00,True,False,orders_2026_02.csv
ORD000552,2026-02-06 04:25:00,2026-02,C0066,P004,1,1490.0,0.1,1490.0,1341.0,Web,PAY000552,Credit Card,PAID,2026-02-06 04:31:00,True,False,orders_2026_02.csv
ORD000553,2026-02-28 22:02:00,2026-02,C0074,P028,2,313.95,0.05,627.9,596.5,Marketplace,PAY000553,PromptPay,REFUNDED,2026-03-01 00:58:00,False,False,orders_2026_02.csv
ORD000554,2026-02-19 09:59:00,2026-02,C0028,P010,1,891.0,0.1,891.0,801.9,Marketplace,PAY000554,PromptPay,PAID,2026-02-19 12:46:00,True,False,orders_2026_02.csv
ORD000555,2026-02-05 00:05:00,2026-02,C0085,P007,4,25900.0,0.05,103600.0,98420.0,Marketplace,PAY000555,PromptPay,PAID,2026-02-05 00:49:00,True,False,orders_2026_02.csv
ORD000556,2026-02-07 07:32:00,2026-02,C0004,P032,2,23310.0,0.0,46620.0,46620.0,Marketplace,PAY000556,PromptPay,PAID,2026-02-07 09:10:00,True,False,orders_2026_02.csv
ORD000557,2026-02-06 22:59:00,2026-02,C0065,P025,4,27195.0,0.05,108780.0,103341.0,Marketplace,PAY000557,Credit Card,PAID,2026-02-07 01:48:00,True,False,orders_2026_02.csv
ORD000558,2026-02-17 17:23:00,2026-02,C0052,P034,2,313.95,0.1,627.9,565.11,Marketplace,PAY000558,Credit Card,PAID,2026-02-17 18:58:00,True,False,orders_2026_02.csv
ORD000559,2026-02-26 16:49:00,2026-02,C0123,P028,1,269.1,0.0,269.1,269.1,Marketplace,PAY000559,PromptPay,PAID,2026-02-26 19:06:00,True,False,orders_2026_02.csv
ORD000560,2026-02-22 20:33:00,2026-02,C0151,P005,4,284.05,0.0,1136.2,1136.2,Mobile App,PAY000560,PromptPay,PAID,2026-02-22 22:23:00,True,False,orders_2026_02.csv
ORD000561,2026-02-19 10:31:00,2026-02,C0005,P014,1,940.5,0.1,940.5,846.45,Mobile App,PAY000561,PromptPay,PAID,2026-02-19 11:12:00,True,False,orders_2026_02.csv
ORD000562,2026-02-28 19:55:00,2026-02,C0074,P019,1,4189.5,0.1,4189.5,3770.55,Marketplace,PAY000562,Credit Card,PAID,2026-02-28 19:58:00,True,False,orders_2026_02.csv
ORD000563,2026-02-08 03:06:00,2026-02,C0125,P037,4,23310.0,0.0,93240.0,93240.0,Marketplace,PAY000563,PromptPay,PAID,2026-02-08 06:03:00,True,False,orders_2026_02.csv
ORD000564,2026-02-18 21:40:00,2026-02,C0147,P023,4,299.0,0.0,1196.0,1196.0,Mobile App,PAY000564,Bank Transfer,PAID,2026-02-18 22:15:00,True,False,orders_2026_02.csv
ORD000565,2026-02-03 17:43:00,2026-02,C0132,P029,1,3990.0,0.0,3990.0,3990.0,Web,PAY000565,Credit Card,PAID,2026-02-03 18:29:00,True,False,orders_2026_02.csv
ORD000566,2026-02-04 22:02:00,2026-02,C0154,P020,3,523.95,0.0,1571.85,1571.85,Marketplace,PAY000566,Bank Transfer,PAID,2026-02-05 00:53:00,True,False,orders_2026_02.csv
ORD000567,2026-02-09 01:16:00,2026-02,C0059,P017,3,990.0,0.05,2970.0,2821.5,Mobile App,PAY000567,Credit Card,PAID,2026-02-09 03:19:00,True,False,orders_2026_02.csv
ORD000568,2026-02-08 23:09:00,2026-02,C0108,P008,2,474.05,0.1,948.1,853.29,Web,PAY000568,Credit Card,PAID,2026-02-09 01:35:00,True,False,orders_2026_02.csv
ORD000569,2026-02-19 22:57:00,2026-02,C0113,P010,2,891.0,0.05,1782.0,1692.9,Marketplace,PAY000569,Bank Transfer,PAID,2026-02-19 23:27:00,True,False,orders_2026_02.csv
ORD000570,2026-02-01 02:53:00,2026-02,C0030,P014,1,1039.5,0.0,1039.5,1039.5,Marketplace,PAY000570,PromptPay,PAID,2026-02-01 04:22:00,True,False,orders_2026_02.csv
ORD000571,2026-02-10 19:27:00,2026-02,C0040,P005,1,299.0,0.0,299.0,299.0,Mobile App,PAY000571,Bank Transfer,PAID,2026-02-10 21:38:00,True,False,orders_2026_02.csv
ORD000572,2026-02-04 19:41:00,2026-02,C0163,P020,2,499.0,0.05,998.0,948.1,Web,PAY000572,PromptPay,PAID,2026-02-04 21:06:00,True,False,orders_2026_02.csv
ORD000573,2026-02-25 19:17:00,2026-02,C0115,P040,3,3591.0,0.05,10773.0,10234.35,Marketplace,PAY000573,PromptPay,FAILED,2026-02-25 21:11:00,False,False,orders_2026_02.csv
ORD000574,2026-02-03 11:10:00,2026-02,C0010,P022,3,499.0,0.0,1497.0,1497.0,Mobile App,PAY000574,Bank Transfer,PAID,2026-02-03 11:32:00,True,False,orders_2026_02.csv
ORD000575,2026-02-22 06:29:00,2026-02,C0154,P015,3,284.05,0.0,852.15,852.15,Marketplace,PAY000575,Bank Transfer,PAID,2026-02-22 07:41:00,True,False,orders_2026_02.csv
ORD000576,2026-02-27 01:43:00,2026-02,C0014,P003,2,27195.0,0.0,54390.0,54390.0,Mobile App,PAY000576,PromptPay,PAID,2026-02-27 02:04:00,True,False,orders_2026_02.csv
ORD000577,2026-02-28 21:05:00,2026-02,C0030,P020,1,449.1,0.0,449.1,449.1,Mobile App,PAY000577,Bank Transfer,PAID,2026-02-28 22:47:00,True,False,orders_2026_02.csv
ORD000578,2026-02-09 03:11:00,2026-02,C0039,P003,4,23310.0,0.05,93240.0,88578.0,Marketplace,PAY000578,PromptPay,PAID,2026-02-09 05:17:00,True,False,orders_2026_02.csv
ORD000579,2026-02-08 06:46:00,2026-02,C0086,P001,2,269.1,0.0,538.2,538.2,Mobile App,PAY000579,Credit Card,PAID,2026-02-08 08:16:00,True,False,orders_2026_02.csv
ORD000580,2026-02-26 23:03:00,2026-02,C0110,P033,2,11610.0,0.0,23220.0,23220.0,Web,PAY000580,Bank Transfer,PAID,2026-02-26 23:54:00,True,False,orders_2026_02.csv
ORD000581,2026-02-19 23:30:00,2026-02,C0036,P017,2,990.0,0.05,1980.0,1881.0,Marketplace,PAY000581,Credit Card,PAID,2026-02-20 00:05:00,True,False,orders_2026_02.csv
ORD000582,2026-02-06 04:51:00,2026-02,C0134,P016,2,1415.5,0.0,2831.0,2831.0,Mobile App,PAY000582,PromptPay,PAID,2026-02-06 07:43:00,True,False,orders_2026_02.csv
ORD000583,2026-02-19 14:04:00,2026-02,C0025,P032,2,27195.0,0.0,54390.0,54390.0,Web,PAY000583,PromptPay,PAID,2026-02-19 14:16:00,True,False,orders_2026_02.csv
ORD000584,2026-02-18 20:32:00,2026-02,C0039,P027,3,25900.0,0.1,77700.0,69930.0,Marketplace,PAY000584,PromptPay,PAID,2026-02-18 21:27:00,True,False,orders_2026_02.csv
ORD000585,2026-02-23 05:34:00,2026-02,C0028,P028,2,299.0,0.1,598.0,538.2,Web,PAY000585,Bank Transfer,PAID,2026-02-23 06:15:00,True,False,orders_2026_02.csv
ORD000586,2026-02-25 15:32:00,2026-02,C0133,P017,4,891.0,0.0,3564.0,3564.0,Mobile App,PAY000586,PromptPay,PAID,2026-02-25 15:50:00,True,False,orders_2026_02.csv
ORD000587,2026-02-27 14:35:00,2026-02,C0153,P015,1,299.0,0.1,299.0,269.1,Mobile App,PAY000587,Credit Card,PAID,2026-02-27 15:37:00,True,False,orders_2026_02.csv
ORD000588,2026-02-10 23:33:00,2026-02,C0038,P032,1,23310.0,0.0,23310.0,23310.0,Mobile App,PAY000588,PromptPay,PAID,2026-02-11 01:52:00,True,False,orders_2026_02.csv
ORD000589,2026-02-28 02:47:00,2026-02,C0031,P038,1,12255.0,0.0,12255.0,12255.0,Mobile App,PAY000589,Credit Card,PAID,2026-02-28 03:15:00,True,False,orders_2026_02.csv
ORD000590,2026-02-27 17:19:00,2026-02,C0139,P021,1,23310.0,0.0,23310.0,23310.0,Marketplace,PAY000590,Bank Transfer,PAID,2026-02-27 17:53:00,True,False,orders_2026_02.csv
ORD000591,2026-02-14 09:53:00,2026-02,C0039,P017,1,990.0,0.0,990.0,990.0,Marketplace,PAY000591,PromptPay,PAID,2026-02-14 11:09:00,True,False,orders_2026_02.csv
ORD000592,2026-02-14 17:35:00,2026-02,C0094,P011,2,27195.0,0.0,54390.0,54390.0,Marketplace,PAY000592,Bank Transfer,PAID,2026-02-14 17:48:00,True,False,orders_2026_02.csv
ORD000593,2026-02-13 02:48:00,2026-02,C0110,P009,2,299.0,0.0,598.0,598.0,Web,PAY000593,Credit Card,PAID,2026-02-13 05:11:00,True,False,orders_2026_02.csv
ORD000594,2026-02-10 13:19:00,2026-02,C0101,P005,1,299.0,0.0,299.0,299.0,Marketplace,PAY000594,PromptPay,PAID,2026-02-10 13:28:00,True,False,orders_2026_02.csv
ORD000595,2026-02-06 15:57:00,2026-02,C0036,P038,2,12900.0,0.0,25800.0,25800.0,Web,PAY000595,Credit Card,REFUNDED,2026-02-06 17:18:00,False,False,orders_2026_02.csv
ORD000596,2026-02-12 21:25:00,2026-02,C0025,P013,2,474.05,0.05,948.1,900.7,Web,PAY000596,PromptPay,PAID,2026-02-13 00:02:00,True,False,orders_2026_02.csv
ORD000597,2026-02-02 14:46:00,2026-02,C0091,P022,1,499.0,0.05,499.0,474.05,Marketplace,PAY000597,Credit Card,PAID,2026-02-02 16:50:00,True,False,orders_2026_02.csv
ORD000598,2026-02-13 05:42:00,2026-02,C0082,P038,1,13545.0,0.0,13545.0,13545.0,Marketplace,PAY000598,Bank Transfer,PAID,2026-02-13 07:41:00,True,False,orders_2026_02.csv
ORD000599,2026-02-13 09:16:00,2026-02,C0068,P022,2,523.95,0.0,1047.9,1047.9,Marketplace,PAY000599,PromptPay,REFUNDED,2026-02-13 11:03:00,False,False,orders_2026_02.csv
ORD000600,2026-02-22 18:07:00,2026-02,C0096,P014,2,990.0,0.05,1980.0,1881.0,Web,PAY000600,Credit Card,PAID,2026-02-22 19:47:00,True,False,orders_2026_02.csv
ORD000601,2026-02-03 10:36:00,2026-02,C0149,P037,2,24605.0,0.0,49210.0,49210.0,Mobile App,PAY000601,Credit Card,PAID,2026-02-03 12:47:00,True,False,orders_2026_02.csv
ORD000602,2026-02-10 17:55:00,2026-02,C0124,P025,1,24605.0,0.0,24605.0,24605.0,Mobile App,PAY000602,Credit Card,PAID,2026-02-10 19:16:00,True,False,orders_2026_02.csv
ORD000603,2026-02-23 09:04:00,2026-02,C0048,P027,1,27195.0,0.0,27195.0,27195.0,Web,PAY000603,PromptPay,PAID,2026-02-23 09:59:00,True,False,orders_2026_02.csv
ORD000604,2026-02-20 19:17:00,2026-02,C0137,P025,2,25900.0,0.1,51800.0,46620.0,Web,PAY000604,Credit Card,PAID,2026-02-20 21:46:00,True,False,orders_2026_02.csv
ORD000605,2026-02-09 09:07:00,2026-02,C0095,P001,2,269.1,0.05,538.2,511.29,Mobile App,PAY000605,PromptPay,PAID,2026-02-09 10:44:00,True,False,orders_2026_02.csv
ORD000606,2026-02-24 08:24:00,2026-02,C0132,P039,2,891.0,0.05,1782.0,1692.9,Marketplace,PAY000606,Credit Card,PAID,2026-02-24 11:10:00,True,False,orders_2026_02.csv
ORD000607,2026-02-19 00:57:00,2026-02,C0146,P008,4,523.95,0.05,2095.8,1991.01,Marketplace,PAY000607,Credit Card,FAILED,2026-02-19 01:41:00,False,False,orders_2026_02.csv
ORD000608,2026-02-21 21:51:00,2026-02,C0082,P035,2,27195.0,0.1,54390.0,48951.0,Marketplace,PAY000608,PromptPay,PAID,2026-02-22 00:51:00,True,False,orders_2026_02.csv
ORD000609,2026-02-09 00:21:00,2026-02,C0122,P014,4,1039.5,0.0,4158.0,4158.0,Web,PAY000609,PromptPay,PAID,2026-02-09 02:10:00,True,False,orders_2026_02.csv
ORD000610,2026-02-17 22:24:00,2026-02,C0141,P006,1,299.0,0.05,299.0,284.05,Mobile App,PAY000610,PromptPay,PAID,2026-02-17 23:24:00,True,False,orders_2026_02.csv
ORD000611,2026-02-11 09:32:00,2026-02,C0063,P035,1,25900.0,0.0,25900.0,25900.0,Mobile App,PAY000611,Bank Transfer,PAID,2026-02-11 10:58:00,True,False,orders_2026_02.csv
ORD000612,2026-02-14 05:20:00,2026-02,C0139,P002,1,1341.0,0.0,1341.0,1341.0,Marketplace,PAY000612,Bank Transfer,PAID,2026-02-14 06:02:00,True,False,orders_2026_02.csv
ORD000613,2026-02-21 20:52:00,2026-02,C0082,P013,3,449.1,0.0,1347.3,1347.3,Marketplace,PAY000613,Credit Card,PAID,2026-02-21 21:50:00,True,False,orders_2026_02.csv
ORD000614,2026-02-01 21:40:00,2026-02,C0163,P035,2,25900.0,0.05,51800.0,49210.0,Marketplace,PAY000614,Bank Transfer,PAID,2026-02-01 22:26:00,True,False,orders_2026_02.csv
ORD000615,2026-02-27 07:01:00,2026-02,C0136,P003,4,24605.0,0.05,98420.0,93499.0,Mobile App,PAY000615,Credit Card,PAID,2026-02-27 08:15:00,True,False,orders_2026_02.csv
ORD000616,2026-02-01 10:24:00,2026-02,C0144,P040,2,3990.0,0.0,7980.0,7980.0,Marketplace,PAY000616,Credit Card,PAID,2026-02-01 10:58:00,True,False,orders_2026_02.csv
ORD000617,2026-02-25 15:46:00,2026-02,C0008,P017,2,891.0,0.1,1782.0,1603.8,Marketplace,PAY000617,PromptPay,PAID,2026-02-25 17:01:00,True,False,orders_2026_02.csv
ORD000618,2026-02-24 20:02:00,2026-02,C0100,P004,1,1415.5,0.0,1415.5,1415.5,Marketplace,PAY000618,Bank Transfer,PAID,2026-02-24 22:35:00,True,False,orders_2026_02.csv
ORD000619,2026-02-09 12:09:00,2026-02,C0126,P012,1,990.0,0.1,990.0,891.0,Marketplace,PAY000619,Bank Transfer,PAID,2026-02-09 14:23:00,True,False,orders_2026_02.csv
ORD000620,2026-02-27 03:47:00,2026-02,C0020,P003,2,27195.0,0.0,54390.0,54390.0,Marketplace,PAY000620,PromptPay,PAID,2026-02-27 04:26:00,True,False,orders_2026_02.csv
ORD000621,2026-02-17 12:32:00,2026-02,C0017,P031,2,1341.0,0.1,2682.0,2413.8,Mobile App,PAY000621,Bank Transfer,FAILED,2026-02-17 14:25:00,False,False,orders_2026_02.csv
ORD000622,2026-02-26 00:13:00,2026-02,C0100,P001,3,299.0,0.0,897.0,897.0,Web,PAY000622,PromptPay,PAID,2026-02-26 03:04:00,True,False,orders_2026_02.csv
ORD000623,2026-02-14 06:18:00,2026-02,C0151,P017,1,940.5,0.0,940.5,940.5,Web,PAY000623,Bank Transfer,PAID,2026-02-14 09:10:00,True,False,orders_2026_02.csv
ORD000624,2026-02-11 05:25:00,2026-02,C0120,P038,1,11610.0,0.0,11610.0,11610.0,Web,PAY000624,PromptPay,PAID,2026-02-11 05:37:00,True,False,orders_2026_02.csv
ORD000625,2026-02-10 10:36:00,2026-02,C0065,P026,2,11610.0,0.05,23220.0,22059.0,Web,PAY000625,PromptPay,PAID,2026-02-10 11:20:00,True,False,orders_2026_02.csv
ORD000626,2026-02-17 05:04:00,2026-02,C0047,P010,3,1039.5,0.05,3118.5,2962.58,Mobile App,PAY000626,Credit Card,PAID,2026-02-17 06:19:00,True,False,orders_2026_02.csv
ORD000627,2026-02-15 14:31:00,2026-02,C0068,P013,1,474.05,0.1,474.05,426.65,Marketplace,PAY000627,Bank Transfer,PAID,2026-02-15 15:42:00,True,False,orders_2026_02.csv
ORD000628,2026-02-13 21:25:00,2026-02,C0137,P010,3,990.0,0.0,2970.0,2970.0,Mobile App,PAY000628,Credit Card,PAID,2026-02-13 22:24:00,True,False,orders_2026_02.csv
ORD000629,2026-02-10 18:31:00,2026-02,C0086,P036,2,284.05,0.0,568.1,568.1,Mobile App,PAY000629,Bank Transfer,PAID,2026-02-10 20:55:00,True,False,orders_2026_02.csv
ORD000630,2026-02-06 04:23:00,2026-02,C0040,P022,3,499.0,0.0,1497.0,1497.0,Mobile App,PAY000630,Credit Card,PAID,2026-02-06 04:47:00,True,False,orders_2026_02.csv
ORD000631,2026-02-04 11:25:00,2026-02,C0032,P040,1,3790.5,0.0,3790.5,3790.5,Mobile App,PAY000631,Credit Card,REFUNDED,2026-02-04 11:38:00,False,False,orders_2026_02.csv
ORD000632,2026-02-21 11:31:00,2026-02,C0014,P004,4,1564.5,0.05,6258.0,5945.1,Marketplace,PAY000632,Credit Card,PAID,2026-02-21 14:12:00,True,False,orders_2026_02.csv
ORD000633,2026-02-05 21:07:00,2026-02,C0130,P014,1,940.5,0.0,940.5,940.5,Web,PAY000633,PromptPay,PAID,2026-02-05 21:19:00,True,False,orders_2026_02.csv
ORD000634,2026-02-12 10:16:00,2026-02,C0023,P025,3,25900.0,0.05,77700.0,73815.0,Marketplace,PAY000634,PromptPay,PAID,2026-02-12 11:16:00,True,False,orders_2026_02.csv
ORD000635,2026-02-21 15:49:00,2026-02,C0028,P006,3,313.95,0.0,941.85,941.85,Marketplace,PAY000635,Bank Transfer,PAID,2026-02-21 17:58:00,True,False,orders_2026_02.csv
ORD000636,2026-02-21 07:26:00,2026-02,C0071,P013,1,499.0,0.1,499.0,449.1,Web,PAY000636,Bank Transfer,PAID,2026-02-21 10:21:00,True,False,orders_2026_02.csv
ORD000637,2026-02-04 08:39:00,2026-02,C0041,P015,1,299.0,0.0,299.0,299.0,Marketplace,PAY000637,Bank Transfer,PAID,2026-02-04 09:15:00,True,False,orders_2026_02.csv
ORD000638,2026-02-03 23:38:00,2026-02,C0012,P012,4,990.0,0.0,3960.0,3960.0,Mobile App,PAY000638,PromptPay,PAID,2026-02-04 01:43:00,True,False,orders_2026_02.csv
ORD000639,2026-02-02 17:17:00,2026-02,C0017,P007,4,27195.0,0.0,108780.0,108780.0,Web,PAY000639,Credit Card,PAID,2026-02-02 17:30:00,True,False,orders_2026_02.csv
ORD000640,2026-02-28 14:41:00,2026-02,C0027,P002,2,1490.0,0.1,2980.0,2682.0,Web,PAY000640,PromptPay,PAID,2026-02-28 17:35:00,True,False,orders_2026_02.csv
ORD000641,2026-02-16 20:20:00,2026-02,C0086,P023,3,269.1,0.0,807.3,807.3,Marketplace,PAY000641,PromptPay,PAID,2026-02-16 21:16:00,True,False,orders_2026_02.csv
ORD000642,2026-02-12 09:47:00,2026-02,C0047,P001,1,269.1,0.05,269.1,255.64,Mobile App,PAY000642,Credit Card,PAID,2026-02-12 10:21:00,True,False,orders_2026_02.csv
ORD000643,2026-02-16 00:40:00,2026-02,C0087,P026,1,12255.0,0.0,12255.0,12255.0,Marketplace,PAY000643,Credit Card,PAID,2026-02-16 00:44:00,True,False,orders_2026_02.csv
ORD000644,2026-02-06 08:04:00,2026-02,C0112,P014,2,990.0,0.1,1980.0,1782.0,Web,PAY000644,Credit Card,PAID,2026-02-06 10:59:00,True,False,orders_2026_02.csv
ORD000645,2026-02-27 00:09:00,2026-02,C0017,P029,2,3990.0,0.05,7980.0,7581.0,Web,PAY000645,Bank Transfer,PAID,2026-02-27 02:28:00,True,False,orders_2026_02.csv
ORD000646,2026-02-08 12:53:00,2026-02,C0136,P001,1,269.1,0.0,269.1,269.1,Mobile App,PAY000646,Bank Transfer,PAID,2026-02-08 13:48:00,True,False,orders_2026_02.csv
ORD000647,2026-02-26 20:49:00,2026-02,C0071,P024,2,313.95,0.05,627.9,596.5,Marketplace,PAY000647,PromptPay,PAID,2026-02-26 23:26:00,True,False,orders_2026_02.csv
ORD000648,2026-02-19 14:29:00,2026-02,C0078,P012,2,990.0,0.0,1980.0,1980.0,Mobile App,PAY000648,Bank Transfer,PAID,2026-02-19 16:30:00,True,False,orders_2026_02.csv
ORD000649,2026-02-10 11:21:00,2026-02,C0090,P001,2,269.1,0.1,538.2,484.38,Web,PAY000649,Credit Card,PAID,2026-02-10 12:17:00,True,False,orders_2026_02.csv
ORD000650,2026-02-17 19:43:00,2026-02,C0080,P003,2,25900.0,0.0,51800.0,51800.0,Mobile App,PAY000650,Bank Transfer,PAID,2026-02-17 21:07:00,True,False,orders_2026_02.csv
ORD000651,2026-02-06 13:24:00,2026-02,C0104,P039,1,940.5,0.1,940.5,846.45,Web,PAY000651,PromptPay,PAID,2026-02-06 13:31:00,True,False,orders_2026_02.csv
ORD000652,2026-02-11 02:58:00,2026-02,C0034,P008,2,499.0,0.0,998.0,998.0,Web,PAY000652,Credit Card,PAID,2026-02-11 03:34:00,True,False,orders_2026_02.csv
ORD000653,2026-02-18 19:13:00,2026-02,C0120,P003,3,27195.0,0.0,81585.0,81585.0,Marketplace,PAY000653,Credit Card,PAID,2026-02-18 21:12:00,True,False,orders_2026_02.csv
ORD000654,2026-02-09 04:48:00,2026-02,C0142,P027,2,25900.0,0.0,51800.0,51800.0,Web,PAY000654,Bank Transfer,FAILED,2026-02-09 06:49:00,False,False,orders_2026_02.csv
ORD000655,2026-02-14 06:50:00,2026-02,C0085,P037,1,25900.0,0.0,25900.0,25900.0,Web,PAY000655,Bank Transfer,PAID,2026-02-14 08:20:00,True,False,orders_2026_02.csv
ORD000656,2026-02-26 21:00:00,2026-02,C0007,P011,4,24605.0,0.0,98420.0,98420.0,Web,PAY000656,Bank Transfer,PAID,2026-02-26 23:17:00,True,False,orders_2026_02.csv
ORD000657,2026-02-02 21:06:00,2026-02,C0064,P033,4,12900.0,0.0,51600.0,51600.0,Mobile App,PAY000657,PromptPay,PAID,2026-02-02 23:18:00,True,False,orders_2026_02.csv
ORD000658,2026-02-18 19:31:00,2026-02,C0154,P008,3,499.0,0.0,1497.0,1497.0,Web,PAY000658,Bank Transfer,PAID,2026-02-18 19:32:00,True,False,orders_2026_02.csv
ORD000659,2026-02-04 22:21:00,2026-02,C0165,P033,2,11610.0,0.0,23220.0,23220.0,Marketplace,PAY000659,PromptPay,PAID,2026-02-05 00:50:00,True,False,orders_2026_02.csv
ORD000660,2026-02-01 21:46:00,2026-02,C0081,P012,2,891.0,0.0,1782.0,1782.0,Marketplace,PAY000660,PromptPay,PAID,2026-02-01 22:31:00,True,False,orders_2026_02.csv
ORD000661,2026-02-17 12:59:00,2026-02,C0161,P024,1,313.95,0.0,313.95,313.95,Marketplace,PAY000661,Bank Transfer,PAID,2026-02-17 13:48:00,True,False,orders_2026_02.csv
ORD000662,2026-02-18 23:53:00,2026-02,C0001,P031,2,1415.5,0.1,2831.0,2547.9,Marketplace,PAY000662,Bank Transfer,PAID,2026-02-19 00:05:00,True,False,orders_2026_02.csv
ORD000663,2026-02-03 04:45:00,2026-02,C0098,P020,1,449.1,0.05,449.1,426.64,Mobile App,PAY000663,PromptPay,PAID,2026-02-03 07:18:00,True,False,orders_2026_02.csv
ORD000664,2026-02-21 00:03:00,2026-02,C0054,P029,1,4189.5,0.1,4189.5,3770.55,Marketplace,PAY000664,Bank Transfer,PAID,2026-02-21 01:11:00,True,False,orders_2026_02.csv
ORD000665,2026-02-14 14:26:00,2026-02,C0072,P013,4,474.05,0.1,1896.2,1706.58,Mobile App,PAY000665,Bank Transfer,PAID,2026-02-14 15:08:00,True,False,orders_2026_02.csv
ORD000666,2026-02-10 02:24:00,2026-02,C0011,P016,1,1564.5,0.0,1564.5,1564.5,Marketplace,PAY000666,Bank Transfer,PAID,2026-02-10 04:56:00,True,False,orders_2026_02.csv
ORD000667,2026-02-15 06:14:00,2026-02,C0162,P010,3,940.5,0.05,2821.5,2680.42,Marketplace,PAY000667,PromptPay,PAID,2026-02-15 07:42:00,True,False,orders_2026_02.csv
ORD000668,2026-02-07 19:17:00,2026-02,C0056,P030,1,499.0,0.0,499.0,499.0,Mobile App,PAY000668,Bank Transfer,PAID,2026-02-07 19:23:00,True,False,orders_2026_02.csv
ORD000669,2026-02-27 16:22:00,2026-02,C0071,P018,1,3591.0,0.0,3591.0,3591.0,Marketplace,PAY000669,PromptPay,PAID,2026-02-27 17:20:00,True,False,orders_2026_02.csv
ORD000670,2026-02-21 19:23:00,2026-02,C0024,P032,1,24605.0,0.0,24605.0,24605.0,Mobile App,PAY000670,Credit Card,PAID,2026-02-21 21:38:00,True,False,orders_2026_02.csv
ORD000671,2026-02-17 10:22:00,2026-02,C0002,P019,2,3990.0,0.1,7980.0,7182.0,Marketplace,PAY000671,Bank Transfer,PAID,2026-02-17 13:19:00,True,False,orders_2026_02.csv
ORD000672,2026-02-13 21:25:00,2026-02,C0092,P001,1,269.1,0.1,269.1,242.19,Marketplace,PAY000672,PromptPay,PAID,2026-02-14 00:09:00,True,False,orders_2026_02.csv
ORD000673,2026-02-25 00:45:00,2026-02,C0041,P029,1,3990.0,0.0,3990.0,3990.0,Mobile App,PAY000673,PromptPay,PAID,2026-02-25 02:48:00,True,False,orders_2026_02.csv
ORD000674,2026-02-09 10:08:00,2026-02,C0057,P013,3,449.1,0.05,1347.3,1279.94,Marketplace,PAY000674,Credit Card,PAID,2026-02-09 12:19:00,True,False,orders_2026_02.csv
ORD000675,2026-02-09 12:58:00,2026-02,C0116,P025,1,25900.0,0.05,25900.0,24605.0,Web,PAY000675,Bank Transfer,PAID,2026-02-09 13:57:00,True,False,orders_2026_02.csv
ORD000676,2026-02-15 08:26:00,2026-02,C0137,P028,2,284.05,0.0,568.1,568.1,Marketplace,PAY000676,Bank Transfer,PAID,2026-02-15 08:44:00,True,False,orders_2026_02.csv
ORD000677,2026-02-22 18:44:00,2026-02,C0002,P018,2,3790.5,0.0,7581.0,7581.0,Marketplace,PAY000677,Bank Transfer,PAID,2026-02-22 18:47:00,True,False,orders_2026_02.csv
ORD000678,2026-02-13 15:53:00,2026-02,C0098,P022,1,499.0,0.0,499.0,499.0,Marketplace,PAY000678,Credit Card,PAID,2026-02-13 18:51:00,True,False,orders_2026_02.csv
ORD000679,2026-02-02 07:10:00,2026-02,C0140,P036,2,269.1,0.0,538.2,538.2,Marketplace,PAY000679,PromptPay,PAID,2026-02-02 07:29:00,True,False,orders_2026_02.csv
ORD000680,2026-02-24 19:32:00,2026-02,C0096,P003,1,25900.0,0.0,25900.0,25900.0,Marketplace,PAY000680,PromptPay,PAID,2026-02-24 21:25:00,True,False,orders_2026_02.csv
ORD000681,2026-02-15 05:17:00,2026-02,C0065,P012,2,990.0,0.05,1980.0,1881.0,Mobile App,PAY000681,Credit Card,REFUNDED,2026-02-15 07:15:00,False,False,orders_2026_02.csv
ORD000682,2026-02-09 05:17:00,2026-02,C0021,P020,4,474.05,0.05,1896.2,1801.39,Web,PAY000682,Credit Card,PAID,2026-02-09 07:25:00,True,False,orders_2026_02.csv
ORD000683,2026-02-13 15:47:00,2026-02,C0101,P004,1,1490.0,0.0,1490.0,1490.0,Marketplace,PAY000683,Credit Card,PAID,2026-02-13 17:36:00,True,False,orders_2026_02.csv
ORD000684,2026-02-02 09:17:00,2026-02,C0106,P002,1,1490.0,0.0,1490.0,1490.0,Web,PAY000684,Bank Transfer,PAID,2026-02-02 11:30:00,True,False,orders_2026_02.csv
ORD000685,2026-02-13 10:36:00,2026-02,C0092,P010,1,940.5,0.0,940.5,940.5,Mobile App,PAY000685,PromptPay,PAID,2026-02-13 13:32:00,True,False,orders_2026_02.csv
ORD000686,2026-02-20 03:36:00,2026-02,C0121,P026,4,12900.0,0.0,51600.0,51600.0,Marketplace,PAY000686,PromptPay,PAID,2026-02-20 04:25:00,True,False,orders_2026_02.csv
ORD000687,2026-02-05 06:30:00,2026-02,C0001,P026,1,13545.0,0.0,13545.0,13545.0,Web,PAY000687,Credit Card,PAID,2026-02-05 06:53:00,True,False,orders_2026_02.csv
ORD000688,2026-02-08 15:59:00,2026-02,C0131,P016,1,1490.0,0.1,1490.0,1341.0,Marketplace,PAY000688,Credit Card,PAID,2026-02-08 16:25:00,True,False,orders_2026_02.csv
ORD000689,2026-02-02 18:44:00,2026-02,C0104,P022,4,449.1,0.0,1796.4,1796.4,Web,PAY000689,Credit Card,PAID,2026-02-02 19:22:00,True,False,orders_2026_02.csv
ORD000690,2026-02-21 07:13:00,2026-02,C0093,P035,2,24605.0,0.0,49210.0,49210.0,Mobile App,PAY000690,Bank Transfer,PAID,2026-02-21 09:01:00,True,False,orders_2026_02.csv
ORD000691,2026-02-14 20:23:00,2026-02,C0152,P022,1,499.0,0.1,499.0,449.1,Web,PAY000691,PromptPay,PAID,2026-02-14 21:02:00,True,False,orders_2026_02.csv
ORD000692,2026-02-13 12:15:00,2026-02,C0124,P008,1,499.0,0.0,499.0,499.0,Mobile App,PAY000692,Bank Transfer,PAID,2026-02-13 12:59:00,True,False,orders_2026_02.csv
ORD000693,2026-02-16 18:58:00,2026-02,C0071,P024,2,313.95,0.0,627.9,627.9,Marketplace,PAY000693,Bank Transfer,PAID,2026-02-16 20:43:00,True,False,orders_2026_02.csv
ORD000694,2026-02-19 11:27:00,2026-02,C0102,P025,3,23310.0,0.0,69930.0,69930.0,Web,PAY000694,Bank Transfer,PAID,2026-02-19 14:01:00,True,False,orders_2026_02.csv
ORD000695,2026-02-26 01:31:00,2026-02,C0032,P036,2,284.05,0.0,568.1,568.1,Web,PAY000695,PromptPay,PAID,2026-02-26 04:05:00,True,False,orders_2026_02.csv
ORD000696,2026-02-04 06:18:00,2026-02,C0134,P016,1,1415.5,0.05,1415.5,1344.72,Mobile App,PAY000696,PromptPay,PAID,2026-02-04 07:21:00,True,False,orders_2026_02.csv
ORD000697,2026-02-25 13:43:00,2026-02,C0031,P030,4,523.95,0.05,2095.8,1991.01,Web,PAY000697,Bank Transfer,PAID,2026-02-25 15:42:00,True,False,orders_2026_02.csv
ORD000698,2026-02-16 10:04:00,2026-02,C0089,P024,4,269.1,0.1,1076.4,968.76,Web,PAY000698,Credit Card,PAID,2026-02-16 11:36:00,True,False,orders_2026_02.csv
ORD000699,2026-02-22 10:52:00,2026-02,C0086,P012,3,891.0,0.0,2673.0,2673.0,Mobile App,PAY000699,Credit Card,PAID,2026-02-22 11:25:00,True,False,orders_2026_02.csv
ORD000700,2026-02-22 21:48:00,2026-02,C0074,P035,4,25900.0,0.0,103600.0,103600.0,Mobile App,PAY000700,Credit Card,FAILED,2026-02-22 23:07:00,False,False,orders_2026_02.csv
ORD000701,2026-02-05 17:38:00,2026-02,C0022,P023,1,269.1,0.05,269.1,255.64,Mobile App,PAY000701,Bank Transfer,REFUNDED,2026-02-05 19:44:00,False,False,orders_2026_02.csv
ORD000702,2026-02-18 09:00:00,2026-02,C0045,P027,1,23310.0,0.05,23310.0,22144.5,Mobile App,PAY000702,Bank Transfer,PAID,2026-02-18 09:33:00,True,False,orders_2026_02.csv
ORD000703,2026-02-23 17:10:00,2026-02,C0128,P007,2,23310.0,0.0,46620.0,46620.0,Marketplace,PAY000703,PromptPay,PAID,2026-02-23 19:02:00,True,False,orders_2026_02.csv
ORD000704,2026-02-25 10:21:00,2026-02,C0056,P029,2,3790.5,0.0,7581.0,7581.0,Marketplace,PAY000704,PromptPay,PAID,2026-02-25 11:15:00,True,False,orders_2026_02.csv
ORD000705,2026-02-28 23:21:00,2026-02,C0124,P031,1,1341.0,0.0,1341.0,1341.0,Web,PAY000705,PromptPay,FAILED,2026-02-28 23:55:00,False,False,orders_2026_02.csv
ORD000706,2026-02-24 16:43:00,2026-02,C0122,P015,3,313.95,0.1,941.85,847.66,Mobile App,PAY000706,Bank Transfer,PAID,2026-02-24 17:19:00,True,False,orders_2026_02.csv
ORD000707,2026-02-08 09:26:00,2026-02,C0048,P032,1,23310.0,0.1,23310.0,20979.0,Web,PAY000707,PromptPay,PAID,2026-02-08 12:10:00,True,False,orders_2026_02.csv
ORD000708,2026-02-02 20:37:00,2026-02,C0036,P013,4,499.0,0.0,1996.0,1996.0,Mobile App,PAY000708,PromptPay,PAID,2026-02-02 22:51:00,True,False,orders_2026_02.csv
ORD000709,2026-02-18 10:54:00,2026-02,C0119,P011,4,24605.0,0.1,98420.0,88578.0,Web,PAY000709,PromptPay,PAID,2026-02-18 11:51:00,True,False,orders_2026_02.csv
ORD000710,2026-02-04 05:58:00,2026-02,C0032,P013,2,523.95,0.0,1047.9,1047.9,Web,PAY000710,PromptPay,PAID,2026-02-04 07:11:00,True,False,orders_2026_02.csv
ORD000711,2026-02-05 05:48:00,2026-02,C0002,P009,3,313.95,0.0,941.85,941.85,Marketplace,PAY000711,Credit Card,PAID,2026-02-05 08:36:00,True,False,orders_2026_02.csv
ORD000712,2026-02-27 12:33:00,2026-02,C0081,P029,2,3990.0,0.1,7980.0,7182.0,Marketplace,PAY000712,Bank Transfer,PAID,2026-02-27 14:34:00,True,False,orders_2026_02.csv
ORD000713,2026-02-18 09:46:00,2026-02,C0035,P030,2,499.0,0.1,998.0,898.2,Marketplace,PAY000713,PromptPay,PAID,2026-02-18 11:38:00,True,False,orders_2026_02.csv
ORD000714,2026-02-06 11:29:00,2026-02,C0084,P020,3,474.05,0.05,1422.15,1351.04,Web,PAY000714,Bank Transfer,FAILED,2026-02-06 12:04:00,False,False,orders_2026_02.csv
ORD000715,2026-02-24 12:52:00,2026-02,C0150,P023,1,313.95,0.0,313.95,313.95,Web,PAY000715,Credit Card,PAID,2026-02-24 14:54:00,True,False,orders_2026_02.csv
ORD000716,2026-02-19 23:59:00,2026-02,C0050,P001,1,299.0,0.05,299.0,284.05,Mobile App,PAY000716,Bank Transfer,PAID,2026-02-20 00:10:00,True,False,orders_2026_02.csv
ORD000717,2026-02-08 11:06:00,2026-02,C0115,P032,4,25900.0,0.05,103600.0,98420.0,Marketplace,PAY000717,Bank Transfer,PAID,2026-02-08 12:25:00,True,False,orders_2026_02.csv
ORD000718,2026-02-20 02:41:00,2026-02,C0011,P012,1,940.5,0.0,940.5,940.5,Marketplace,PAY000718,Credit Card,PAID,2026-02-20 04:48:00,True,False,orders_2026_02.csv
ORD000719,2026-02-06 13:15:00,2026-02,C0158,P039,1,940.5,0.0,940.5,940.5,Mobile App,PAY000719,Bank Transfer,PAID,2026-02-06 15:41:00,True,False,orders_2026_02.csv
ORD000720,2026-02-23 23:02:00,2026-02,C0057,P039,4,940.5,0.0,3762.0,3762.0,Web,PAY000720,Credit Card,PAID,2026-02-24 00:28:00,True,False,orders_2026_02.csv
ORD000721,2026-02-09 12:51:00,2026-02,C0032,P010,3,990.0,0.0,2970.0,2970.0,Web,PAY000721,Credit Card,PAID,2026-02-09 14:42:00,True,False,orders_2026_02.csv
ORD000722,2026-02-04 10:53:00,2026-02,C0035,P019,1,4189.5,0.0,4189.5,4189.5,Mobile App,PAY000722,Credit Card,PAID,2026-02-04 11:07:00,True,False,orders_2026_02.csv
ORD000723,2026-02-16 16:06:00,2026-02,C0112,P006,2,284.05,0.0,568.1,568.1,Mobile App,PAY000723,PromptPay,PAID,2026-02-16 18:26:00,True,False,orders_2026_02.csv
ORD000724,2026-02-12 23:57:00,2026-02,C0043,P018,1,3990.0,0.0,3990.0,3990.0,Web,PAY000724,Bank Transfer,PAID,2026-02-13 02:17:00,True,False,orders_2026_02.csv
ORD000725,2026-02-24 12:26:00,2026-02,C0078,P020,1,499.0,0.0,499.0,499.0,Web,PAY000725,Credit Card,PAID,2026-02-24 12:33:00,True,False,orders_2026_02.csv
ORD000726,2026-02-15 13:06:00,2026-02,C0062,P036,1,313.95,0.0,313.95,313.95,Mobile App,PAY000726,PromptPay,PAID,2026-02-15 14:11:00,True,False,orders_2026_02.csv
ORD000727,2026-02-11 18:43:00,2026-02,C0024,P003,1,27195.0,0.0,27195.0,27195.0,Web,PAY000727,Credit Card,FAILED,2026-02-11 19:45:00,False,False,orders_2026_02.csv
ORD000728,2026-02-11 00:52:00,2026-02,C0111,P010,2,940.5,0.05,1881.0,1786.95,Web,PAY000728,Bank Transfer,PAID,2026-02-11 01:12:00,True,False,orders_2026_02.csv
ORD000729,2026-02-16 22:43:00,2026-02,C0064,P040,3,3591.0,0.05,10773.0,10234.35,Mobile App,PAY000729,PromptPay,PAID,2026-02-17 01:19:00,True,False,orders_2026_02.csv
ORD000730,2026-02-22 02:03:00,2026-02,C0042,P010,1,990.0,0.0,990.0,990.0,Web,PAY000730,Bank Transfer,PAID,2026-02-22 04:14:00,True,False,orders_2026_02.csv
ORD000731,2026-02-20 20:06:00,2026-02,C0156,P007,1,23310.0,0.0,23310.0,23310.0,Mobile App,PAY000731,PromptPay,PAID,2026-02-20 21:21:00,True,False,orders_2026_02.csv
ORD000732,2026-02-22 09:06:00,2026-02,C0019,P021,2,25900.0,0.0,51800.0,51800.0,Mobile App,PAY000732,Credit Card,PAID,2026-02-22 10:46:00,True,False,orders_2026_02.csv
ORD000733,2026-02-20 07:18:00,2026-02,C0030,P022,2,499.0,0.0,998.0,998.0,Marketplace,PAY000733,PromptPay,PAID,2026-02-20 09:18:00,True,False,orders_2026_02.csv
ORD000734,2026-02-06 18:28:00,2026-02,C0165,P035,1,25900.0,0.05,25900.0,24605.0,Mobile App,PAY000734,PromptPay,PAID,2026-02-06 21:19:00,True,False,orders_2026_02.csv
ORD000735,2026-02-16 16:19:00,2026-02,C0092,P032,1,25900.0,0.0,25900.0,25900.0,Web,PAY000735,Credit Card,PAID,2026-02-16 17:19:00,True,False,orders_2026_02.csv
ORD000736,2026-02-27 17:04:00,2026-02,C0022,P003,1,25900.0,0.1,25900.0,23310.0,Mobile App,PAY000736,Bank Transfer,PAID,2026-02-27 18:57:00,True,False,orders_2026_02.csv
ORD000737,2026-02-25 13:07:00,2026-02,C0003,P032,1,25900.0,0.0,25900.0,25900.0,Web,PAY000737,Credit Card,PAID,2026-02-25 13:39:00,True,False,orders_2026_02.csv
ORD000738,2026-02-10 06:24:00,2026-02,C0105,P024,2,313.95,0.05,627.9,596.5,Mobile App,PAY000738,Bank Transfer,PAID,2026-02-10 07:53:00,True,False,orders_2026_02.csv
ORD000739,2026-02-10 10:59:00,2026-02,C0114,P035,2,27195.0,0.0,54390.0,54390.0,Marketplace,PAY000739,Credit Card,PAID,2026-02-10 13:35:00,True,False,orders_2026_02.csv
ORD000740,2026-02-08 18:37:00,2026-02,C0012,P015,2,284.05,0.05,568.1,539.7,Marketplace,PAY000740,Bank Transfer,PAID,2026-02-08 18:49:00,True,False,orders_2026_02.csv
ORD000741,2026-02-19 02:17:00,2026-02,C0145,P024,2,313.95,0.0,627.9,627.9,Marketplace,PAY000741,PromptPay,PAID,2026-02-19 05:03:00,True,False,orders_2026_02.csv
ORD000742,2026-02-11 14:38:00,2026-02,C0079,P033,3,13545.0,0.0,40635.0,40635.0,Marketplace,PAY000742,Credit Card,REFUNDED,2026-02-11 17:00:00,False,False,orders_2026_02.csv
ORD000743,2026-02-14 15:45:00,2026-02,C0041,P005,1,299.0,0.05,299.0,284.05,Marketplace,PAY000743,PromptPay,PAID,2026-02-14 17:19:00,True,False,orders_2026_02.csv
ORD000744,2026-02-26 07:55:00,2026-02,C0148,P026,1,12255.0,0.0,12255.0,12255.0,Mobile App,PAY000744,PromptPay,PAID,2026-02-26 10:43:00,True,False,orders_2026_02.csv
ORD000745,2026-02-13 18:44:00,2026-02,C0045,P037,2,25900.0,0.0,51800.0,51800.0,Mobile App,PAY000745,Credit Card,PAID,2026-02-13 20:55:00,True,False,orders_2026_02.csv
ORD000746,2026-02-24 06:03:00,2026-02,C0148,P011,1,27195.0,0.0,27195.0,27195.0,Marketplace,PAY000746,Bank Transfer,PAID,2026-02-24 07:16:00,True,False,orders_2026_02.csv
ORD000747,2026-02-25 20:17:00,2026-02,C0147,P035,4,25900.0,0.05,103600.0,98420.0,Web,PAY000747,PromptPay,PAID,2026-02-25 20:28:00,True,False,orders_2026_02.csv
ORD000748,2026-02-16 22:38:00,2026-02,C0150,P003,4,25900.0,0.05,103600.0,98420.0,Mobile App,PAY000748,Credit Card,PAID,2026-02-17 00:27:00,True,False,orders_2026_02.csv
ORD000749,2026-02-27 04:04:00,2026-02,C0148,P024,2,269.1,0.05,538.2,511.29,Marketplace,PAY000749,PromptPay,PAID,2026-02-27 06:12:00,True,False,orders_2026_02.csv
ORD000750,2026-02-17 15:20:00,2026-02,C0115,P002,4,1490.0,0.0,5960.0,5960.0,Web,PAY000750,Credit Card,PAID,2026-02-17 17:50:00,True,False,orders_2026_02.csv
